leg_name,"Aagard, Douglas C.","Adams, J. Stuart","Alexander, Jeff","Allen, Sheryl L.","Andersen, Sylvia S.","Barrus, Roger E.","Becker, Ralph","Bigelow, Ron","Bird, Jim","Biskupski, Jackie","Bourdeaux, Duane E.","Bowman, DeMar Bud","Brown, Melvin R.","Buttars, Craig W.","Buxton, D. Gregg","Chavez-Houck, Rebecca","Christensen, LaVar","Clark, David","Clark, Stephen D.","Cosgrove, Tim M.","Cox, David N.","Curtis, Greg J.","Daw, Bradley M.","Dee, Brad L.","Donnelson, Glenn A.","Dougall, John","Draxler, Jack R.","Duckworth, Carl W.","Dunnigan, James A.","Ferrin, James A.","Ferry, Ben C.","Fisher, Janice M.","Fisher, Julie","Fowlke, Lorie D.","Frank, Craig A.","Froerer, Gage","Garn, Kevin S.","Gibson, Kerry W.","Gowans, James R.","Greenwood, Richard A.","Grover, Keith","Hansen, Neil A.","Hardy, Ann W.","Harper, Wayne A.","Hemingway, Lynn N.","Hendrickson, Neal B.","Herrod, Christopher N.","Hogue, David L.","Holdaway, Kory M.","Hughes, Gregory H.","Hunsaker, Fred R","Hutchings, Eric K.","Johnson, Bradley T.","Johnson, Christine A.","King, Brad","Kiser, Todd E.","Last, Bradley G.","Lawrence, M. Susan","Litvack, David","Lockhart, Rebecca D.","Mascaro, Steven R.","Mathis, John G.","McCartney, Ty","McGee, Rosalind J.","McIff, Kay L.","Menlove, Ronda Rudd","Morgan, Karen W.","Morley, Michael T.","Moss, Carol Spackman","Murray, Joseph G.","Neuenschwander, Paul A.","Newbold, Merlynn T.","Noel, Michael E.","Oda, Curtis","Painter, Patrick","Ray, Paul","Riesen, Phil","Sandstrom, Stephen E.","Seelig, Jennifer M.","Shurtliff, LaWanna","Snow, Gordon E.","Sumsion, Kenneth W.","Tilton, Aaron","Ure, David","Urquhart, Stephen H.","Walker, Mark W.","Wallace, Peggy","Webb, R. Curt","Wheatley, Mark A.","Wheeler, Richard W.","Wiley, Larry B.","Wimmer, Carl","Winn, Bradley A.","Wyatt, Scott L","Allen, Ron","Arent, Patrice M.","Bell, Gregory S.","Bramble, Curtis S.","Buttars, D. Chris","Christensen, Allen M.","Davis, Gene","Dmitrich, Mike","Eastman, Dan R.","Evans, Beverly Ann","Fife, Fred J.","Greiner, Jon J.","Hale, Karen","Hatch, Thomas V.","Hellewell, Parley G.","Hickman, John W.","Hillyard, Lyle W.","Jenkins, Scott K.","Julander, Paula F.","Killpack, Sheldon L.","Knudson, Peter C.","Madsen, Mark B.","Mansell, L. Alma","Mayne, Ed","Mayne, Karen","McCoy, Scott D.","Niederhauser, Wayne L.","Peterson, Darin G.","Stephenson, Howard A.","Stowell, Dennis E.","Thomas, David L.","Valentine, John L.","Van Tassell, Kevin T.","Waddoups, Michael G.","Walker, Carlene M.","Dayton, Margaret","Goodfellow, Brent H.","Jones, Patricia W.","Romero, Ross I."
"Aagard, Douglas C.",10.0,NA,NA,10.0,10.0,10.0,NA,10.0,10.0,10.0,NA,10.0,10.0,NA,NA,10.0,NA,10.0,10.0,10.0,NA,10.0,10.0,10.0,10.0,10.0,10.0,10.0,10.0,NA,10.0,10.0,10.0,10.0,10.0,10.0,10.0,10.0,10.0,10.0,10.0,10.0,NA,10.0,10.0,10.0,10.0,NA,10.0,10.0,10.0,10.0,NA,10.0,10.0,10.0,10.0,NA,10.0,10.0,10.0,10.0,NA,10.0,10.0,10.0,10.0,10.0,10.0,NA,10.0,10.0,10.0,10.0,10.0,10.0,10.0,10.0,10.0,10.0,10.0,10.0,10.0,NA,10.0,10.0,NA,10.0,10.0,NA,10.0,10.0,10.0,NA,NA,NA,1.0,0.0,0.0,0.0,0.0,0.0,0.0,NA,0.0,0.0,NA,NA,NA,0.0,0.0,1.0,NA,0.0,1.0,0.0,NA,NA,0.0,0.0,0.0,0.0,0.0,0.0,NA,0.0,0.0,1.0,0.0,0.0,0.0,0.0,0.0
"Adams, J. Stuart",NA,NA,NA,NA,NA,NA,NA,NA,NA,NA,NA,NA,NA,NA,NA,NA,NA,NA,NA,NA,NA,NA,NA,NA,NA,NA,NA,NA,NA,NA,NA,NA,NA,NA,NA,NA,NA,NA,NA,NA,NA,NA,NA,NA,NA,NA,NA,NA,NA,NA,NA,NA,NA,NA,NA,NA,NA,NA,NA,NA,NA,NA,NA,NA,NA,NA,NA,NA,NA,NA,NA,NA,NA,NA,NA,NA,NA,NA,NA,NA,NA,NA,NA,NA,NA,NA,NA,NA,NA,NA,NA,NA,NA,NA,NA,NA,NA,NA,NA,NA,NA,NA,NA,NA,NA,NA,NA,NA,NA,NA,NA,NA,NA,NA,NA,NA,NA,NA,NA,NA,NA,NA,NA,NA,NA,NA,NA,NA,NA,NA,NA,NA,NA
"Alexander, Jeff",NA,NA,NA,NA,NA,NA,NA,NA,NA,NA,NA,NA,NA,NA,NA,NA,NA,NA,NA,NA,NA,NA,NA,NA,NA,NA,NA,NA,NA,NA,NA,NA,NA,NA,NA,NA,NA,NA,NA,NA,NA,NA,NA,NA,NA,NA,NA,NA,NA,NA,NA,NA,NA,NA,NA,NA,NA,NA,NA,NA,NA,NA,NA,NA,NA,NA,NA,NA,NA,NA,NA,NA,NA,NA,NA,NA,NA,NA,NA,NA,NA,NA,NA,NA,NA,NA,NA,NA,NA,NA,NA,NA,NA,NA,NA,NA,NA,NA,NA,NA,NA,NA,NA,NA,NA,NA,NA,NA,NA,NA,NA,NA,NA,NA,NA,NA,NA,NA,NA,NA,NA,NA,NA,NA,NA,NA,NA,NA,NA,NA,NA,NA,NA
"Allen, Sheryl L.",10.0,NA,NA,10.0,10.0,10.0,NA,10.0,10.0,10.0,NA,10.0,10.0,NA,NA,10.0,NA,10.0,10.0,10.0,NA,10.0,10.0,10.0,10.0,10.0,10.0,10.0,10.0,NA,10.0,10.0,10.0,10.0,10.0,10.0,10.0,10.0,10.0,10.0,10.0,10.0,NA,10.0,10.0,10.0,10.0,NA,10.0,10.0,10.0,10.0,NA,10.0,10.0,10.0,10.0,NA,10.0,10.0,10.0,10.0,NA,10.0,10.0,10.0,10.0,10.0,10.0,NA,10.0,10.0,10.0,10.0,10.0,10.0,10.0,10.0,10.0,10.0,10.0,10.0,10.0,NA,10.0,10.0,NA,10.0,10.0,NA,10.0,10.0,10.0,NA,NA,NA,0.0,0.0,0.0,1.0,0.0,0.0,1.0,NA,0.0,0.0,NA,NA,NA,0.0,0.0,0.0,NA,0.0,1.0,1.0,NA,NA,0.0,0.0,0.0,0.0,0.0,0.0,NA,0.0,0.0,0.0,1.0,0.0,0.0,0.0,0.0
"Andersen, Sylvia S.",10.0,NA,NA,10.0,10.0,10.0,NA,10.0,10.0,10.0,NA,10.0,10.0,NA,NA,10.0,NA,10.0,10.0,10.0,NA,10.0,10.0,10.0,10.0,10.0,10.0,10.0,10.0,NA,10.0,10.0,10.0,10.0,10.0,10.0,10.0,10.0,10.0,10.0,10.0,10.0,NA,10.0,10.0,10.0,10.0,NA,10.0,10.0,10.0,10.0,NA,10.0,10.0,10.0,10.0,NA,10.0,10.0,10.0,10.0,NA,10.0,10.0,10.0,10.0,10.0,10.0,NA,10.0,10.0,10.0,10.0,10.0,10.0,10.0,10.0,10.0,10.0,10.0,10.0,10.0,NA,10.0,10.0,NA,10.0,10.0,NA,10.0,10.0,10.0,NA,NA,NA,0.0,0.0,0.0,0.0,0.0,0.0,1.0,NA,0.0,0.0,NA,NA,NA,0.0,0.0,0.0,NA,0.0,0.0,0.0,NA,NA,0.0,0.0,1.0,0.0,0.0,1.0,NA,0.0,0.0,0.0,0.0,0.0,0.0,1.0,0.0
"Barrus, Roger E.",10.0,NA,NA,10.0,10.0,10.0,NA,10.0,10.0,10.0,NA,10.0,10.0,NA,NA,10.0,NA,10.0,10.0,10.0,NA,10.0,10.0,10.0,10.0,10.0,10.0,10.0,10.0,NA,10.0,10.0,10.0,10.0,10.0,10.0,10.0,10.0,10.0,10.0,10.0,10.0,NA,10.0,10.0,10.0,10.0,NA,10.0,10.0,10.0,10.0,NA,10.0,10.0,10.0,10.0,NA,10.0,10.0,10.0,10.0,NA,10.0,10.0,10.0,10.0,10.0,10.0,NA,10.0,10.0,10.0,10.0,10.0,10.0,10.0,10.0,10.0,10.0,10.0,10.0,10.0,NA,10.0,10.0,NA,10.0,10.0,NA,10.0,10.0,10.0,NA,NA,NA,0.0,0.0,0.0,0.0,0.0,0.0,0.0,NA,0.0,0.0,NA,NA,NA,0.0,0.0,1.0,NA,0.0,0.0,0.0,NA,NA,0.0,0.0,0.0,0.0,0.0,0.0,NA,0.0,0.0,0.0,1.0,0.0,0.0,0.0,0.0
"Becker, Ralph",NA,NA,NA,NA,NA,NA,NA,NA,NA,NA,NA,NA,NA,NA,NA,NA,NA,NA,NA,NA,NA,NA,NA,NA,NA,NA,NA,NA,NA,NA,NA,NA,NA,NA,NA,NA,NA,NA,NA,NA,NA,NA,NA,NA,NA,NA,NA,NA,NA,NA,NA,NA,NA,NA,NA,NA,NA,NA,NA,NA,NA,NA,NA,NA,NA,NA,NA,NA,NA,NA,NA,NA,NA,NA,NA,NA,NA,NA,NA,NA,NA,NA,NA,NA,NA,NA,NA,NA,NA,NA,NA,NA,NA,NA,NA,NA,NA,NA,NA,NA,NA,NA,NA,NA,NA,NA,NA,NA,NA,NA,NA,NA,NA,NA,NA,NA,NA,NA,NA,NA,NA,NA,NA,NA,NA,NA,NA,NA,NA,NA,NA,NA,NA
"Bigelow, Ron",10.0,NA,NA,10.0,10.0,10.0,NA,10.0,10.0,10.0,NA,10.0,10.0,NA,NA,10.0,NA,10.0,10.0,10.0,NA,10.0,10.0,10.0,10.0,10.0,10.0,10.0,10.0,NA,10.0,10.0,10.0,10.0,10.0,10.0,10.0,10.0,10.0,10.0,10.0,10.0,NA,10.0,10.0,10.0,10.0,NA,10.0,10.0,10.0,10.0,NA,10.0,10.0,10.0,10.0,NA,10.0,10.0,10.0,10.0,NA,10.0,10.0,10.0,10.0,10.0,10.0,NA,10.0,10.0,10.0,10.0,10.0,10.0,10.0,10.0,10.0,10.0,10.0,10.0,10.0,NA,10.0,10.0,NA,10.0,10.0,NA,10.0,10.0,10.0,NA,NA,NA,0.0,0.0,0.0,0.0,0.0,0.0,0.0,NA,0.0,1.0,NA,NA,NA,0.0,1.0,0.0,NA,1.0,0.0,0.0,NA,NA,0.0,0.0,0.0,0.0,0.0,0.0,NA,0.0,0.0,0.0,0.0,0.0,0.0,0.0,0.0
"Bird, Jim",10.0,NA,NA,10.0,10.0,10.0,NA,10.0,10.0,10.0,NA,10.0,10.0,NA,NA,10.0,NA,10.0,10.0,10.0,NA,10.0,10.0,10.0,10.0,10.0,10.0,10.0,10.0,NA,10.0,10.0,10.0,10.0,10.0,10.0,10.0,10.0,10.0,10.0,10.0,10.0,NA,10.0,10.0,10.0,10.0,NA,10.0,10.0,10.0,10.0,NA,10.0,10.0,10.0,10.0,NA,10.0,10.0,10.0,10.0,NA,10.0,10.0,10.0,10.0,10.0,10.0,NA,10.0,10.0,10.0,10.0,10.0,10.0,10.0,10.0,10.0,10.0,10.0,10.0,10.0,NA,10.0,10.0,NA,10.0,10.0,NA,10.0,10.0,10.0,NA,NA,NA,0.0,0.0,0.0,0.0,0.0,0.0,0.0,NA,0.0,0.0,NA,NA,NA,0.0,0.0,1.0,NA,0.0,0.0,0.0,NA,NA,0.0,0.0,0.0,0.0,0.0,0.0,NA,0.0,1.0,0.0,0.0,0.0,0.0,1.0,0.0
"Biskupski, Jackie",10.0,NA,NA,10.0,10.0,10.0,NA,10.0,10.0,10.0,NA,10.0,10.0,NA,NA,10.0,NA,10.0,10.0,10.0,NA,10.0,10.0,10.0,10.0,10.0,10.0,10.0,10.0,NA,10.0,10.0,10.0,10.0,10.0,10.0,10.0,10.0,10.0,10.0,10.0,10.0,NA,10.0,10.0,10.0,10.0,NA,10.0,10.0,10.0,10.0,NA,10.0,10.0,10.0,10.0,NA,10.0,10.0,10.0,10.0,NA,10.0,10.0,10.0,10.0,10.0,10.0,NA,10.0,10.0,10.0,10.0,10.0,10.0,10.0,10.0,10.0,10.0,10.0,10.0,10.0,NA,10.0,10.0,NA,10.0,10.0,NA,10.0,10.0,10.0,NA,NA,NA,1.0,0.0,0.0,0.0,0.0,0.0,0.0,NA,0.0,1.0,NA,NA,NA,0.0,0.0,0.0,NA,0.0,0.0,0.0,NA,NA,0.0,0.0,0.0,0.0,0.0,0.0,NA,0.0,0.0,0.0,0.0,0.0,0.0,0.0,0.0
"Bourdeaux, Duane E.",NA,NA,NA,NA,NA,NA,NA,NA,NA,NA,NA,NA,NA,NA,NA,NA,NA,NA,NA,NA,NA,NA,NA,NA,NA,NA,NA,NA,NA,NA,NA,NA,NA,NA,NA,NA,NA,NA,NA,NA,NA,NA,NA,NA,NA,NA,NA,NA,NA,NA,NA,NA,NA,NA,NA,NA,NA,NA,NA,NA,NA,NA,NA,NA,NA,NA,NA,NA,NA,NA,NA,NA,NA,NA,NA,NA,NA,NA,NA,NA,NA,NA,NA,NA,NA,NA,NA,NA,NA,NA,NA,NA,NA,NA,NA,NA,NA,NA,NA,NA,NA,NA,NA,NA,NA,NA,NA,NA,NA,NA,NA,NA,NA,NA,NA,NA,NA,NA,NA,NA,NA,NA,NA,NA,NA,NA,NA,NA,NA,NA,NA,NA,NA
"Bowman, DeMar Bud",10.0,NA,NA,10.0,10.0,10.0,NA,10.0,10.0,10.0,NA,10.0,10.0,NA,NA,10.0,NA,10.0,10.0,10.0,NA,10.0,10.0,10.0,10.0,10.0,10.0,10.0,10.0,NA,10.0,10.0,10.0,10.0,10.0,10.0,10.0,10.0,10.0,10.0,10.0,10.0,NA,10.0,10.0,10.0,10.0,NA,10.0,10.0,10.0,10.0,NA,10.0,10.0,10.0,10.0,NA,10.0,10.0,10.0,10.0,NA,10.0,10.0,10.0,10.0,10.0,10.0,NA,10.0,10.0,10.0,10.0,10.0,10.0,10.0,10.0,10.0,10.0,10.0,10.0,10.0,NA,10.0,10.0,NA,10.0,10.0,NA,10.0,10.0,10.0,NA,NA,NA,0.0,0.0,0.0,0.0,0.0,0.0,0.0,NA,0.0,0.0,NA,NA,NA,0.0,1.0,0.0,NA,0.0,0.0,0.0,NA,NA,0.0,0.0,0.0,0.0,0.0,0.0,NA,0.0,0.0,0.0,0.0,0.0,0.0,0.0,0.0
"Brown, Melvin R.",10.0,NA,NA,10.0,10.0,10.0,NA,10.0,10.0,10.0,NA,10.0,10.0,NA,NA,10.0,NA,10.0,10.0,10.0,NA,10.0,10.0,10.0,10.0,10.0,10.0,10.0,10.0,NA,10.0,10.0,10.0,10.0,10.0,10.0,10.0,10.0,10.0,10.0,10.0,10.0,NA,10.0,10.0,10.0,10.0,NA,10.0,10.0,10.0,10.0,NA,10.0,10.0,10.0,10.0,NA,10.0,10.0,10.0,10.0,NA,10.0,10.0,10.0,10.0,10.0,10.0,NA,10.0,10.0,10.0,10.0,10.0,10.0,10.0,10.0,10.0,10.0,10.0,10.0,10.0,NA,10.0,10.0,NA,10.0,10.0,NA,10.0,10.0,10.0,NA,NA,NA,1.0,0.0,0.0,0.0,0.0,1.0,0.0,NA,0.0,0.0,NA,NA,NA,0.0,0.0,0.0,NA,0.0,0.0,0.0,NA,NA,0.0,0.0,0.0,0.0,0.0,1.0,NA,0.0,1.0,0.0,0.0,0.0,0.0,0.0,0.0
"Buttars, Craig W.",NA,NA,NA,NA,NA,NA,NA,NA,NA,NA,NA,NA,NA,NA,NA,NA,NA,NA,NA,NA,NA,NA,NA,NA,NA,NA,NA,NA,NA,NA,NA,NA,NA,NA,NA,NA,NA,NA,NA,NA,NA,NA,NA,NA,NA,NA,NA,NA,NA,NA,NA,NA,NA,NA,NA,NA,NA,NA,NA,NA,NA,NA,NA,NA,NA,NA,NA,NA,NA,NA,NA,NA,NA,NA,NA,NA,NA,NA,NA,NA,NA,NA,NA,NA,NA,NA,NA,NA,NA,NA,NA,NA,NA,NA,NA,NA,NA,NA,NA,NA,NA,NA,NA,NA,NA,NA,NA,NA,NA,NA,NA,NA,NA,NA,NA,NA,NA,NA,NA,NA,NA,NA,NA,NA,NA,NA,NA,NA,NA,NA,NA,NA,NA
"Buxton, D. Gregg",NA,NA,NA,NA,NA,NA,NA,NA,NA,NA,NA,NA,NA,NA,NA,NA,NA,NA,NA,NA,NA,NA,NA,NA,NA,NA,NA,NA,NA,NA,NA,NA,NA,NA,NA,NA,NA,NA,NA,NA,NA,NA,NA,NA,NA,NA,NA,NA,NA,NA,NA,NA,NA,NA,NA,NA,NA,NA,NA,NA,NA,NA,NA,NA,NA,NA,NA,NA,NA,NA,NA,NA,NA,NA,NA,NA,NA,NA,NA,NA,NA,NA,NA,NA,NA,NA,NA,NA,NA,NA,NA,NA,NA,NA,NA,NA,NA,NA,NA,NA,NA,NA,NA,NA,NA,NA,NA,NA,NA,NA,NA,NA,NA,NA,NA,NA,NA,NA,NA,NA,NA,NA,NA,NA,NA,NA,NA,NA,NA,NA,NA,NA,NA
"Chavez-Houck, Rebecca",10.0,NA,NA,10.0,10.0,10.0,NA,10.0,10.0,10.0,NA,10.0,10.0,NA,NA,10.0,NA,10.0,10.0,10.0,NA,10.0,10.0,10.0,10.0,10.0,10.0,10.0,10.0,NA,10.0,10.0,10.0,10.0,10.0,10.0,10.0,10.0,10.0,10.0,10.0,10.0,NA,10.0,10.0,10.0,10.0,NA,10.0,10.0,10.0,10.0,NA,10.0,10.0,10.0,10.0,NA,10.0,10.0,10.0,10.0,NA,10.0,10.0,10.0,10.0,10.0,10.0,NA,10.0,10.0,10.0,10.0,10.0,10.0,10.0,10.0,10.0,10.0,10.0,10.0,10.0,NA,10.0,10.0,NA,10.0,10.0,NA,10.0,10.0,10.0,NA,NA,NA,0.0,0.0,0.0,0.0,0.0,0.0,0.0,NA,0.0,0.0,NA,NA,NA,0.0,0.0,0.0,NA,0.0,0.0,0.0,NA,NA,0.0,0.0,0.0,0.0,0.0,0.0,NA,0.0,0.0,0.0,0.0,0.0,0.0,0.0,0.0
"Christensen, LaVar",NA,NA,NA,NA,NA,NA,NA,NA,NA,NA,NA,NA,NA,NA,NA,NA,NA,NA,NA,NA,NA,NA,NA,NA,NA,NA,NA,NA,NA,NA,NA,NA,NA,NA,NA,NA,NA,NA,NA,NA,NA,NA,NA,NA,NA,NA,NA,NA,NA,NA,NA,NA,NA,NA,NA,NA,NA,NA,NA,NA,NA,NA,NA,NA,NA,NA,NA,NA,NA,NA,NA,NA,NA,NA,NA,NA,NA,NA,NA,NA,NA,NA,NA,NA,NA,NA,NA,NA,NA,NA,NA,NA,NA,NA,NA,NA,NA,NA,NA,NA,NA,NA,NA,NA,NA,NA,NA,NA,NA,NA,NA,NA,NA,NA,NA,NA,NA,NA,NA,NA,NA,NA,NA,NA,NA,NA,NA,NA,NA,NA,NA,NA,NA
"Clark, David",10.0,NA,NA,10.0,10.0,10.0,NA,10.0,10.0,10.0,NA,10.0,10.0,NA,NA,10.0,NA,10.0,10.0,10.0,NA,10.0,10.0,10.0,10.0,10.0,10.0,10.0,10.0,NA,10.0,10.0,10.0,10.0,10.0,10.0,10.0,10.0,10.0,10.0,10.0,10.0,NA,10.0,10.0,10.0,10.0,NA,10.0,10.0,10.0,10.0,NA,10.0,10.0,10.0,10.0,NA,10.0,10.0,10.0,10.0,NA,10.0,10.0,10.0,10.0,10.0,10.0,NA,10.0,10.0,10.0,10.0,10.0,10.0,10.0,10.0,10.0,10.0,10.0,10.0,10.0,NA,10.0,10.0,NA,10.0,10.0,NA,10.0,10.0,10.0,NA,NA,NA,0.0,1.0,0.0,0.0,0.0,0.0,0.0,NA,0.0,0.0,NA,NA,NA,0.0,1.0,0.0,NA,1.0,0.0,0.0,NA,NA,0.0,0.0,0.0,0.0,0.0,0.0,NA,0.0,0.0,0.0,0.0,0.0,0.0,0.0,0.0
"Clark, Stephen D.",10.0,NA,NA,10.0,10.0,10.0,NA,10.0,10.0,10.0,NA,10.0,10.0,NA,NA,10.0,NA,10.0,10.0,10.0,NA,10.0,10.0,10.0,10.0,10.0,10.0,10.0,10.0,NA,10.0,10.0,10.0,10.0,10.0,10.0,10.0,10.0,10.0,10.0,10.0,10.0,NA,10.0,10.0,10.0,10.0,NA,10.0,10.0,10.0,10.0,NA,10.0,10.0,10.0,10.0,NA,10.0,10.0,10.0,10.0,NA,10.0,10.0,10.0,10.0,10.0,10.0,NA,10.0,10.0,10.0,10.0,10.0,10.0,10.0,10.0,10.0,10.0,10.0,10.0,10.0,NA,10.0,10.0,NA,10.0,10.0,NA,10.0,10.0,10.0,NA,NA,NA,0.0,1.0,0.0,0.0,0.0,0.0,0.0,NA,0.0,0.0,NA,NA,NA,0.0,0.0,0.0,NA,0.0,0.0,1.0,NA,NA,0.0,0.0,0.0,0.0,0.0,0.0,NA,0.0,0.0,0.0,0.0,1.0,0.0,0.0,0.0
"Cosgrove, Tim M.",10.0,NA,NA,10.0,10.0,10.0,NA,10.0,10.0,10.0,NA,10.0,10.0,NA,NA,10.0,NA,10.0,10.0,10.0,NA,10.0,10.0,10.0,10.0,10.0,10.0,10.0,10.0,NA,10.0,10.0,10.0,10.0,10.0,10.0,10.0,10.0,10.0,10.0,10.0,10.0,NA,10.0,10.0,10.0,10.0,NA,10.0,10.0,10.0,10.0,NA,10.0,10.0,10.0,10.0,NA,10.0,10.0,10.0,10.0,NA,10.0,10.0,10.0,10.0,10.0,10.0,NA,10.0,10.0,10.0,10.0,10.0,10.0,10.0,10.0,10.0,10.0,10.0,10.0,10.0,NA,10.0,10.0,NA,10.0,10.0,NA,10.0,10.0,10.0,NA,NA,NA,1.0,0.0,0.0,0.0,0.0,0.0,0.0,NA,0.0,0.0,NA,NA,NA,0.0,0.0,0.0,NA,0.0,0.0,0.0,NA,NA,0.0,1.0,0.0,0.0,0.0,0.0,NA,0.0,0.0,0.0,0.0,0.0,0.0,0.0,1.0
"Cox, David N.",NA,NA,NA,NA,NA,NA,NA,NA,NA,NA,NA,NA,NA,NA,NA,NA,NA,NA,NA,NA,NA,NA,NA,NA,NA,NA,NA,NA,NA,NA,NA,NA,NA,NA,NA,NA,NA,NA,NA,NA,NA,NA,NA,NA,NA,NA,NA,NA,NA,NA,NA,NA,NA,NA,NA,NA,NA,NA,NA,NA,NA,NA,NA,NA,NA,NA,NA,NA,NA,NA,NA,NA,NA,NA,NA,NA,NA,NA,NA,NA,NA,NA,NA,NA,NA,NA,NA,NA,NA,NA,NA,NA,NA,NA,NA,NA,NA,NA,NA,NA,NA,NA,NA,NA,NA,NA,NA,NA,NA,NA,NA,NA,NA,NA,NA,NA,NA,NA,NA,NA,NA,NA,NA,NA,NA,NA,NA,NA,NA,NA,NA,NA,NA
"Curtis, Greg J.",10.0,NA,NA,10.0,10.0,10.0,NA,10.0,10.0,10.0,NA,10.0,10.0,NA,NA,10.0,NA,10.0,10.0,10.0,NA,10.0,10.0,10.0,10.0,10.0,10.0,10.0,10.0,NA,10.0,10.0,10.0,10.0,10.0,10.0,10.0,10.0,10.0,10.0,10.0,10.0,NA,10.0,10.0,10.0,10.0,NA,10.0,10.0,10.0,10.0,NA,10.0,10.0,10.0,10.0,NA,10.0,10.0,10.0,10.0,NA,10.0,10.0,10.0,10.0,10.0,10.0,NA,10.0,10.0,10.0,10.0,10.0,10.0,10.0,10.0,10.0,10.0,10.0,10.0,10.0,NA,10.0,10.0,NA,10.0,10.0,NA,10.0,10.0,10.0,NA,NA,NA,0.0,0.0,0.0,0.0,0.0,0.0,0.0,NA,0.0,0.0,NA,NA,NA,0.0,0.0,0.0,NA,0.0,0.0,0.0,NA,NA,0.0,0.0,0.0,0.0,0.0,0.0,NA,1.0,0.0,0.0,0.0,0.0,0.0,0.0,0.0
"Daw, Bradley M.",10.0,NA,NA,10.0,10.0,10.0,NA,10.0,10.0,10.0,NA,10.0,10.0,NA,NA,10.0,NA,10.0,10.0,10.0,NA,10.0,10.0,10.0,10.0,10.0,10.0,10.0,10.0,NA,10.0,10.0,10.0,10.0,10.0,10.0,10.0,10.0,10.0,10.0,10.0,10.0,NA,10.0,10.0,10.0,10.0,NA,10.0,10.0,10.0,10.0,NA,10.0,10.0,10.0,10.0,NA,10.0,10.0,10.0,10.0,NA,10.0,10.0,10.0,10.0,10.0,10.0,NA,10.0,10.0,10.0,10.0,10.0,10.0,10.0,10.0,10.0,10.0,10.0,10.0,10.0,NA,10.0,10.0,NA,10.0,10.0,NA,10.0,10.0,10.0,NA,NA,NA,0.0,1.0,0.0,0.0,0.0,0.0,0.0,NA,0.0,0.0,NA,NA,NA,0.0,0.0,0.0,NA,0.0,0.0,0.0,NA,NA,0.0,0.0,0.0,0.0,0.0,0.0,NA,0.0,0.0,0.0,0.0,1.0,1.0,0.0,0.0
"Dee, Brad L.",10.0,NA,NA,10.0,10.0,10.0,NA,10.0,10.0,10.0,NA,10.0,10.0,NA,NA,10.0,NA,10.0,10.0,10.0,NA,10.0,10.0,10.0,10.0,10.0,10.0,10.0,10.0,NA,10.0,10.0,10.0,10.0,10.0,10.0,10.0,10.0,10.0,10.0,10.0,10.0,NA,10.0,10.0,10.0,10.0,NA,10.0,10.0,10.0,10.0,NA,10.0,10.0,10.0,10.0,NA,10.0,10.0,10.0,10.0,NA,10.0,10.0,10.0,10.0,10.0,10.0,NA,10.0,10.0,10.0,10.0,10.0,10.0,10.0,10.0,10.0,10.0,10.0,10.0,10.0,NA,10.0,10.0,NA,10.0,10.0,NA,10.0,10.0,10.0,NA,NA,NA,0.0,0.0,0.0,0.0,0.0,0.0,0.0,NA,0.0,1.0,NA,NA,NA,0.0,0.0,1.0,NA,1.0,1.0,0.0,NA,NA,0.0,0.0,0.0,0.0,0.0,0.0,NA,0.0,0.0,0.0,0.0,0.0,0.0,0.0,0.0
"Donnelson, Glenn A.",10.0,NA,NA,10.0,10.0,10.0,NA,10.0,10.0,10.0,NA,10.0,10.0,NA,NA,10.0,NA,10.0,10.0,10.0,NA,10.0,10.0,10.0,10.0,10.0,10.0,10.0,10.0,NA,10.0,10.0,10.0,10.0,10.0,10.0,10.0,10.0,10.0,10.0,10.0,10.0,NA,10.0,10.0,10.0,10.0,NA,10.0,10.0,10.0,10.0,NA,10.0,10.0,10.0,10.0,NA,10.0,10.0,10.0,10.0,NA,10.0,10.0,10.0,10.0,10.0,10.0,NA,10.0,10.0,10.0,10.0,10.0,10.0,10.0,10.0,10.0,10.0,10.0,10.0,10.0,NA,10.0,10.0,NA,10.0,10.0,NA,10.0,10.0,10.0,NA,NA,NA,0.0,1.0,1.0,0.0,0.0,0.0,0.0,NA,0.0,1.0,NA,NA,NA,0.0,0.0,0.0,NA,0.0,1.0,0.0,NA,NA,0.0,0.0,0.0,0.0,0.0,0.0,NA,0.0,0.0,0.0,0.0,1.0,0.0,0.0,0.0
"Dougall, John",10.0,NA,NA,10.0,10.0,10.0,NA,10.0,10.0,10.0,NA,10.0,10.0,NA,NA,10.0,NA,10.0,10.0,10.0,NA,10.0,10.0,10.0,10.0,10.0,10.0,10.0,10.0,NA,10.0,10.0,10.0,10.0,10.0,10.0,10.0,10.0,10.0,10.0,10.0,10.0,NA,10.0,10.0,10.0,10.0,NA,10.0,10.0,10.0,10.0,NA,10.0,10.0,10.0,10.0,NA,10.0,10.0,10.0,10.0,NA,10.0,10.0,10.0,10.0,10.0,10.0,NA,10.0,10.0,10.0,10.0,10.0,10.0,10.0,10.0,10.0,10.0,10.0,10.0,10.0,NA,10.0,10.0,NA,10.0,10.0,NA,10.0,10.0,10.0,NA,NA,NA,0.0,1.0,0.0,0.0,0.0,0.0,0.0,NA,0.0,0.0,NA,NA,NA,0.0,0.0,0.0,NA,0.0,0.0,0.0,NA,NA,0.0,0.0,1.0,1.0,0.0,0.0,NA,0.0,0.0,0.0,0.0,0.0,0.0,0.0,0.0
"Draxler, Jack R.",10.0,NA,NA,10.0,10.0,10.0,NA,10.0,10.0,10.0,NA,10.0,10.0,NA,NA,10.0,NA,10.0,10.0,10.0,NA,10.0,10.0,10.0,10.0,10.0,10.0,10.0,10.0,NA,10.0,10.0,10.0,10.0,10.0,10.0,10.0,10.0,10.0,10.0,10.0,10.0,NA,10.0,10.0,10.0,10.0,NA,10.0,10.0,10.0,10.0,NA,10.0,10.0,10.0,10.0,NA,10.0,10.0,10.0,10.0,NA,10.0,10.0,10.0,10.0,10.0,10.0,NA,10.0,10.0,10.0,10.0,10.0,10.0,10.0,10.0,10.0,10.0,10.0,10.0,10.0,NA,10.0,10.0,NA,10.0,10.0,NA,10.0,10.0,10.0,NA,NA,NA,0.0,0.0,0.0,0.0,0.0,0.0,0.0,NA,0.0,0.0,NA,NA,NA,0.0,1.0,0.0,NA,0.0,0.0,0.0,NA,NA,0.0,0.0,0.0,0.0,0.0,0.0,NA,0.0,0.0,1.0,0.0,0.0,0.0,0.0,0.0
"Duckworth, Carl W.",10.0,NA,NA,10.0,10.0,10.0,NA,10.0,10.0,10.0,NA,10.0,10.0,NA,NA,10.0,NA,10.0,10.0,10.0,NA,10.0,10.0,10.0,10.0,10.0,10.0,10.0,10.0,NA,10.0,10.0,10.0,10.0,10.0,10.0,10.0,10.0,10.0,10.0,10.0,10.0,NA,10.0,10.0,10.0,10.0,NA,10.0,10.0,10.0,10.0,NA,10.0,10.0,10.0,10.0,NA,10.0,10.0,10.0,10.0,NA,10.0,10.0,10.0,10.0,10.0,10.0,NA,10.0,10.0,10.0,10.0,10.0,10.0,10.0,10.0,10.0,10.0,10.0,10.0,10.0,NA,10.0,10.0,NA,10.0,10.0,NA,10.0,10.0,10.0,NA,NA,NA,0.0,0.0,0.0,0.0,0.0,0.0,0.0,NA,0.0,0.0,NA,NA,NA,0.0,0.0,0.0,NA,0.0,0.0,0.0,NA,NA,0.0,0.0,0.0,0.0,0.0,0.0,NA,0.0,0.0,0.0,0.0,0.0,0.0,0.0,0.0
"Dunnigan, James A.",10.0,NA,NA,10.0,10.0,10.0,NA,10.0,10.0,10.0,NA,10.0,10.0,NA,NA,10.0,NA,10.0,10.0,10.0,NA,10.0,10.0,10.0,10.0,10.0,10.0,10.0,10.0,NA,10.0,10.0,10.0,10.0,10.0,10.0,10.0,10.0,10.0,10.0,10.0,10.0,NA,10.0,10.0,10.0,10.0,NA,10.0,10.0,10.0,10.0,NA,10.0,10.0,10.0,10.0,NA,10.0,10.0,10.0,10.0,NA,10.0,10.0,10.0,10.0,10.0,10.0,NA,10.0,10.0,10.0,10.0,10.0,10.0,10.0,10.0,10.0,10.0,10.0,10.0,10.0,NA,10.0,10.0,NA,10.0,10.0,NA,10.0,10.0,10.0,NA,NA,NA,0.0,0.0,0.0,0.0,0.0,0.0,0.0,NA,0.0,0.0,NA,NA,NA,0.0,0.0,1.0,NA,1.0,1.0,0.0,NA,NA,0.0,0.0,1.0,0.0,0.0,0.0,NA,0.0,1.0,1.0,0.0,0.0,0.0,0.0,0.0
"Ferrin, James A.",NA,NA,NA,NA,NA,NA,NA,NA,NA,NA,NA,NA,NA,NA,NA,NA,NA,NA,NA,NA,NA,NA,NA,NA,NA,NA,NA,NA,NA,NA,NA,NA,NA,NA,NA,NA,NA,NA,NA,NA,NA,NA,NA,NA,NA,NA,NA,NA,NA,NA,NA,NA,NA,NA,NA,NA,NA,NA,NA,NA,NA,NA,NA,NA,NA,NA,NA,NA,NA,NA,NA,NA,NA,NA,NA,NA,NA,NA,NA,NA,NA,NA,NA,NA,NA,NA,NA,NA,NA,NA,NA,NA,NA,NA,NA,NA,NA,NA,NA,NA,NA,NA,NA,NA,NA,NA,NA,NA,NA,NA,NA,NA,NA,NA,NA,NA,NA,NA,NA,NA,NA,NA,NA,NA,NA,NA,NA,NA,NA,NA,NA,NA,NA
"Ferry, Ben C.",10.0,NA,NA,10.0,10.0,10.0,NA,10.0,10.0,10.0,NA,10.0,10.0,NA,NA,10.0,NA,10.0,10.0,10.0,NA,10.0,10.0,10.0,10.0,10.0,10.0,10.0,10.0,NA,10.0,10.0,10.0,10.0,10.0,10.0,10.0,10.0,10.0,10.0,10.0,10.0,NA,10.0,10.0,10.0,10.0,NA,10.0,10.0,10.0,10.0,NA,10.0,10.0,10.0,10.0,NA,10.0,10.0,10.0,10.0,NA,10.0,10.0,10.0,10.0,10.0,10.0,NA,10.0,10.0,10.0,10.0,10.0,10.0,10.0,10.0,10.0,10.0,10.0,10.0,10.0,NA,10.0,10.0,NA,10.0,10.0,NA,10.0,10.0,10.0,NA,NA,NA,0.0,0.0,0.0,0.0,0.0,0.0,0.0,NA,0.0,0.0,NA,NA,NA,0.0,0.0,0.0,NA,0.0,1.0,1.0,NA,NA,0.0,0.0,0.0,0.0,1.0,1.0,NA,0.0,0.0,0.0,0.0,0.0,0.0,0.0,0.0
"Fisher, Janice M.",10.0,NA,NA,10.0,10.0,10.0,NA,10.0,10.0,10.0,NA,10.0,10.0,NA,NA,10.0,NA,10.0,10.0,10.0,NA,10.0,10.0,10.0,10.0,10.0,10.0,10.0,10.0,NA,10.0,10.0,10.0,10.0,10.0,10.0,10.0,10.0,10.0,10.0,10.0,10.0,NA,10.0,10.0,10.0,10.0,NA,10.0,10.0,10.0,10.0,NA,10.0,10.0,10.0,10.0,NA,10.0,10.0,10.0,10.0,NA,10.0,10.0,10.0,10.0,10.0,10.0,NA,10.0,10.0,10.0,10.0,10.0,10.0,10.0,10.0,10.0,10.0,10.0,10.0,10.0,NA,10.0,10.0,NA,10.0,10.0,NA,10.0,10.0,10.0,NA,NA,NA,0.0,0.0,0.0,0.0,0.0,0.0,0.0,NA,0.0,0.0,NA,NA,NA,0.0,0.0,0.0,NA,0.0,0.0,0.0,NA,NA,0.0,0.0,0.0,0.0,0.0,0.0,NA,0.0,0.0,0.0,0.0,0.0,0.0,0.0,0.0
"Fisher, Julie",10.0,NA,NA,10.0,10.0,10.0,NA,10.0,10.0,10.0,NA,10.0,10.0,NA,NA,10.0,NA,10.0,10.0,10.0,NA,10.0,10.0,10.0,10.0,10.0,10.0,10.0,10.0,NA,10.0,10.0,10.0,10.0,10.0,10.0,10.0,10.0,10.0,10.0,10.0,10.0,NA,10.0,10.0,10.0,10.0,NA,10.0,10.0,10.0,10.0,NA,10.0,10.0,10.0,10.0,NA,10.0,10.0,10.0,10.0,NA,10.0,10.0,10.0,10.0,10.0,10.0,NA,10.0,10.0,10.0,10.0,10.0,10.0,10.0,10.0,10.0,10.0,10.0,10.0,10.0,NA,10.0,10.0,NA,10.0,10.0,NA,10.0,10.0,10.0,NA,NA,NA,1.0,0.0,0.0,0.0,0.0,0.0,1.0,NA,0.0,0.0,NA,NA,NA,0.0,0.0,1.0,NA,0.0,0.0,0.0,NA,NA,0.0,0.0,0.0,0.0,1.0,0.0,NA,0.0,0.0,0.0,0.0,1.0,0.0,0.0,0.0
"Fowlke, Lorie D.",10.0,NA,NA,10.0,10.0,10.0,NA,10.0,10.0,10.0,NA,10.0,10.0,NA,NA,10.0,NA,10.0,10.0,10.0,NA,10.0,10.0,10.0,10.0,10.0,10.0,10.0,10.0,NA,10.0,10.0,10.0,10.0,10.0,10.0,10.0,10.0,10.0,10.0,10.0,10.0,NA,10.0,10.0,10.0,10.0,NA,10.0,10.0,10.0,10.0,NA,10.0,10.0,10.0,10.0,NA,10.0,10.0,10.0,10.0,NA,10.0,10.0,10.0,10.0,10.0,10.0,NA,10.0,10.0,10.0,10.0,10.0,10.0,10.0,10.0,10.0,10.0,10.0,10.0,10.0,NA,10.0,10.0,NA,10.0,10.0,NA,10.0,10.0,10.0,NA,NA,NA,1.0,1.0,1.0,0.0,0.0,0.0,0.0,NA,0.0,0.0,NA,NA,NA,0.0,1.0,0.0,NA,0.0,0.0,0.0,NA,NA,0.0,0.0,0.0,0.0,0.0,0.0,NA,0.0,0.0,0.0,0.0,0.0,0.0,0.0,0.0
"Frank, Craig A.",10.0,NA,NA,10.0,10.0,10.0,NA,10.0,10.0,10.0,NA,10.0,10.0,NA,NA,10.0,NA,10.0,10.0,10.0,NA,10.0,10.0,10.0,10.0,10.0,10.0,10.0,10.0,NA,10.0,10.0,10.0,10.0,10.0,10.0,10.0,10.0,10.0,10.0,10.0,10.0,NA,10.0,10.0,10.0,10.0,NA,10.0,10.0,10.0,10.0,NA,10.0,10.0,10.0,10.0,NA,10.0,10.0,10.0,10.0,NA,10.0,10.0,10.0,10.0,10.0,10.0,NA,10.0,10.0,10.0,10.0,10.0,10.0,10.0,10.0,10.0,10.0,10.0,10.0,10.0,NA,10.0,10.0,NA,10.0,10.0,NA,10.0,10.0,10.0,NA,NA,NA,0.0,0.0,0.0,0.0,0.0,0.0,0.0,NA,0.0,0.0,NA,NA,NA,0.0,0.0,0.0,NA,0.0,0.0,0.0,NA,NA,0.0,0.0,1.0,0.0,1.0,0.0,NA,0.0,0.0,0.0,0.0,0.0,0.0,0.0,0.0
"Froerer, Gage",10.0,NA,NA,10.0,10.0,10.0,NA,10.0,10.0,10.0,NA,10.0,10.0,NA,NA,10.0,NA,10.0,10.0,10.0,NA,10.0,10.0,10.0,10.0,10.0,10.0,10.0,10.0,NA,10.0,10.0,10.0,10.0,10.0,10.0,10.0,10.0,10.0,10.0,10.0,10.0,NA,10.0,10.0,10.0,10.0,NA,10.0,10.0,10.0,10.0,NA,10.0,10.0,10.0,10.0,NA,10.0,10.0,10.0,10.0,NA,10.0,10.0,10.0,10.0,10.0,10.0,NA,10.0,10.0,10.0,10.0,10.0,10.0,10.0,10.0,10.0,10.0,10.0,10.0,10.0,NA,10.0,10.0,NA,10.0,10.0,NA,10.0,10.0,10.0,NA,NA,NA,0.0,0.0,0.0,0.0,0.0,0.0,0.0,NA,0.0,1.0,NA,NA,NA,0.0,0.0,0.0,NA,1.0,0.0,0.0,NA,NA,0.0,0.0,1.0,0.0,0.0,0.0,NA,0.0,0.0,1.0,0.0,0.0,0.0,0.0,0.0
"Garn, Kevin S.",10.0,NA,NA,10.0,10.0,10.0,NA,10.0,10.0,10.0,NA,10.0,10.0,NA,NA,10.0,NA,10.0,10.0,10.0,NA,10.0,10.0,10.0,10.0,10.0,10.0,10.0,10.0,NA,10.0,10.0,10.0,10.0,10.0,10.0,10.0,10.0,10.0,10.0,10.0,10.0,NA,10.0,10.0,10.0,10.0,NA,10.0,10.0,10.0,10.0,NA,10.0,10.0,10.0,10.0,NA,10.0,10.0,10.0,10.0,NA,10.0,10.0,10.0,10.0,10.0,10.0,NA,10.0,10.0,10.0,10.0,10.0,10.0,10.0,10.0,10.0,10.0,10.0,10.0,10.0,NA,10.0,10.0,NA,10.0,10.0,NA,10.0,10.0,10.0,NA,NA,NA,1.0,0.0,0.0,0.0,0.0,0.0,1.0,NA,0.0,0.0,NA,NA,NA,0.0,0.0,1.0,NA,0.0,0.0,0.0,NA,NA,0.0,0.0,1.0,0.0,0.0,0.0,NA,0.0,0.0,0.0,0.0,0.0,0.0,0.0,0.0
"Gibson, Kerry W.",10.0,NA,NA,10.0,10.0,10.0,NA,10.0,10.0,10.0,NA,10.0,10.0,NA,NA,10.0,NA,10.0,10.0,10.0,NA,10.0,10.0,10.0,10.0,10.0,10.0,10.0,10.0,NA,10.0,10.0,10.0,10.0,10.0,10.0,10.0,10.0,10.0,10.0,10.0,10.0,NA,10.0,10.0,10.0,10.0,NA,10.0,10.0,10.0,10.0,NA,10.0,10.0,10.0,10.0,NA,10.0,10.0,10.0,10.0,NA,10.0,10.0,10.0,10.0,10.0,10.0,NA,10.0,10.0,10.0,10.0,10.0,10.0,10.0,10.0,10.0,10.0,10.0,10.0,10.0,NA,10.0,10.0,NA,10.0,10.0,NA,10.0,10.0,10.0,NA,NA,NA,0.0,0.0,0.0,0.0,0.0,0.0,0.0,NA,0.0,1.0,NA,NA,NA,0.0,0.0,0.0,NA,0.0,0.0,0.0,NA,NA,0.0,0.0,0.0,1.0,0.0,0.0,NA,0.0,0.0,0.0,0.0,1.0,0.0,0.0,0.0
"Gowans, James R.",10.0,NA,NA,10.0,10.0,10.0,NA,10.0,10.0,10.0,NA,10.0,10.0,NA,NA,10.0,NA,10.0,10.0,10.0,NA,10.0,10.0,10.0,10.0,10.0,10.0,10.0,10.0,NA,10.0,10.0,10.0,10.0,10.0,10.0,10.0,10.0,10.0,10.0,10.0,10.0,NA,10.0,10.0,10.0,10.0,NA,10.0,10.0,10.0,10.0,NA,10.0,10.0,10.0,10.0,NA,10.0,10.0,10.0,10.0,NA,10.0,10.0,10.0,10.0,10.0,10.0,NA,10.0,10.0,10.0,10.0,10.0,10.0,10.0,10.0,10.0,10.0,10.0,10.0,10.0,NA,10.0,10.0,NA,10.0,10.0,NA,10.0,10.0,10.0,NA,NA,NA,0.0,1.0,0.0,0.0,0.0,1.0,0.0,NA,0.0,0.0,NA,NA,NA,0.0,0.0,0.0,NA,0.0,0.0,0.0,NA,NA,0.0,0.0,0.0,0.0,0.0,0.0,NA,0.0,0.0,0.0,0.0,0.0,1.0,0.0,0.0
"Greenwood, Richard A.",10.0,NA,NA,10.0,10.0,10.0,NA,10.0,10.0,10.0,NA,10.0,10.0,NA,NA,10.0,NA,10.0,10.0,10.0,NA,10.0,10.0,10.0,10.0,10.0,10.0,10.0,10.0,NA,10.0,10.0,10.0,10.0,10.0,10.0,10.0,10.0,10.0,10.0,10.0,10.0,NA,10.0,10.0,10.0,10.0,NA,10.0,10.0,10.0,10.0,NA,10.0,10.0,10.0,10.0,NA,10.0,10.0,10.0,10.0,NA,10.0,10.0,10.0,10.0,10.0,10.0,NA,10.0,10.0,10.0,10.0,10.0,10.0,10.0,10.0,10.0,10.0,10.0,10.0,10.0,NA,10.0,10.0,NA,10.0,10.0,NA,10.0,10.0,10.0,NA,NA,NA,1.0,0.0,0.0,0.0,0.0,0.0,0.0,NA,0.0,0.0,NA,NA,NA,0.0,0.0,1.0,NA,0.0,0.0,0.0,NA,NA,0.0,0.0,0.0,1.0,0.0,0.0,NA,0.0,0.0,0.0,1.0,0.0,0.0,0.0,0.0
"Grover, Keith",10.0,NA,NA,10.0,10.0,10.0,NA,10.0,10.0,10.0,NA,10.0,10.0,NA,NA,10.0,NA,10.0,10.0,10.0,NA,10.0,10.0,10.0,10.0,10.0,10.0,10.0,10.0,NA,10.0,10.0,10.0,10.0,10.0,10.0,10.0,10.0,10.0,10.0,10.0,10.0,NA,10.0,10.0,10.0,10.0,NA,10.0,10.0,10.0,10.0,NA,10.0,10.0,10.0,10.0,NA,10.0,10.0,10.0,10.0,NA,10.0,10.0,10.0,10.0,10.0,10.0,NA,10.0,10.0,10.0,10.0,10.0,10.0,10.0,10.0,10.0,10.0,10.0,10.0,10.0,NA,10.0,10.0,NA,10.0,10.0,NA,10.0,10.0,10.0,NA,NA,NA,0.0,0.0,0.0,0.0,0.0,0.0,0.0,NA,0.0,0.0,NA,NA,NA,0.0,0.0,0.0,NA,0.0,0.0,0.0,NA,NA,0.0,0.0,0.0,0.0,0.0,0.0,NA,0.0,0.0,0.0,0.0,1.0,0.0,0.0,0.0
"Hansen, Neil A.",10.0,NA,NA,10.0,10.0,10.0,NA,10.0,10.0,10.0,NA,10.0,10.0,NA,NA,10.0,NA,10.0,10.0,10.0,NA,10.0,10.0,10.0,10.0,10.0,10.0,10.0,10.0,NA,10.0,10.0,10.0,10.0,10.0,10.0,10.0,10.0,10.0,10.0,10.0,10.0,NA,10.0,10.0,10.0,10.0,NA,10.0,10.0,10.0,10.0,NA,10.0,10.0,10.0,10.0,NA,10.0,10.0,10.0,10.0,NA,10.0,10.0,10.0,10.0,10.0,10.0,NA,10.0,10.0,10.0,10.0,10.0,10.0,10.0,10.0,10.0,10.0,10.0,10.0,10.0,NA,10.0,10.0,NA,10.0,10.0,NA,10.0,10.0,10.0,NA,NA,NA,0.0,0.0,0.0,0.0,0.0,0.0,0.0,NA,0.0,0.0,NA,NA,NA,0.0,0.0,0.0,NA,0.0,0.0,0.0,NA,NA,0.0,0.0,0.0,0.0,1.0,0.0,NA,0.0,0.0,0.0,0.0,0.0,0.0,1.0,0.0
"Hardy, Ann W.",NA,NA,NA,NA,NA,NA,NA,NA,NA,NA,NA,NA,NA,NA,NA,NA,NA,NA,NA,NA,NA,NA,NA,NA,NA,NA,NA,NA,NA,NA,NA,NA,NA,NA,NA,NA,NA,NA,NA,NA,NA,NA,NA,NA,NA,NA,NA,NA,NA,NA,NA,NA,NA,NA,NA,NA,NA,NA,NA,NA,NA,NA,NA,NA,NA,NA,NA,NA,NA,NA,NA,NA,NA,NA,NA,NA,NA,NA,NA,NA,NA,NA,NA,NA,NA,NA,NA,NA,NA,NA,NA,NA,NA,NA,NA,NA,NA,NA,NA,NA,NA,NA,NA,NA,NA,NA,NA,NA,NA,NA,NA,NA,NA,NA,NA,NA,NA,NA,NA,NA,NA,NA,NA,NA,NA,NA,NA,NA,NA,NA,NA,NA,NA
"Harper, Wayne A.",10.0,NA,NA,10.0,10.0,10.0,NA,10.0,10.0,10.0,NA,10.0,10.0,NA,NA,10.0,NA,10.0,10.0,10.0,NA,10.0,10.0,10.0,10.0,10.0,10.0,10.0,10.0,NA,10.0,10.0,10.0,10.0,10.0,10.0,10.0,10.0,10.0,10.0,10.0,10.0,NA,10.0,10.0,10.0,10.0,NA,10.0,10.0,10.0,10.0,NA,10.0,10.0,10.0,10.0,NA,10.0,10.0,10.0,10.0,NA,10.0,10.0,10.0,10.0,10.0,10.0,NA,10.0,10.0,10.0,10.0,10.0,10.0,10.0,10.0,10.0,10.0,10.0,10.0,10.0,NA,10.0,10.0,NA,10.0,10.0,NA,10.0,10.0,10.0,NA,NA,NA,0.0,1.0,0.0,0.0,0.0,0.0,1.0,NA,0.0,0.0,NA,NA,NA,0.0,1.0,0.0,NA,0.0,0.0,0.0,NA,NA,0.0,0.0,1.0,0.0,0.0,0.0,NA,0.0,0.0,1.0,0.0,1.0,0.0,0.0,0.0
"Hemingway, Lynn N.",10.0,NA,NA,10.0,10.0,10.0,NA,10.0,10.0,10.0,NA,10.0,10.0,NA,NA,10.0,NA,10.0,10.0,10.0,NA,10.0,10.0,10.0,10.0,10.0,10.0,10.0,10.0,NA,10.0,10.0,10.0,10.0,10.0,10.0,10.0,10.0,10.0,10.0,10.0,10.0,NA,10.0,10.0,10.0,10.0,NA,10.0,10.0,10.0,10.0,NA,10.0,10.0,10.0,10.0,NA,10.0,10.0,10.0,10.0,NA,10.0,10.0,10.0,10.0,10.0,10.0,NA,10.0,10.0,10.0,10.0,10.0,10.0,10.0,10.0,10.0,10.0,10.0,10.0,10.0,NA,10.0,10.0,NA,10.0,10.0,NA,10.0,10.0,10.0,NA,NA,NA,0.0,0.0,0.0,0.0,1.0,0.0,0.0,NA,0.0,0.0,NA,NA,NA,0.0,0.0,0.0,NA,0.0,0.0,0.0,NA,NA,0.0,0.0,1.0,0.0,0.0,0.0,NA,0.0,0.0,0.0,0.0,0.0,0.0,0.0,0.0
"Hendrickson, Neal B.",10.0,NA,NA,10.0,10.0,10.0,NA,10.0,10.0,10.0,NA,10.0,10.0,NA,NA,10.0,NA,10.0,10.0,10.0,NA,10.0,10.0,10.0,10.0,10.0,10.0,10.0,10.0,NA,10.0,10.0,10.0,10.0,10.0,10.0,10.0,10.0,10.0,10.0,10.0,10.0,NA,10.0,10.0,10.0,10.0,NA,10.0,10.0,10.0,10.0,NA,10.0,10.0,10.0,10.0,NA,10.0,10.0,10.0,10.0,NA,10.0,10.0,10.0,10.0,10.0,10.0,NA,10.0,10.0,10.0,10.0,10.0,10.0,10.0,10.0,10.0,10.0,10.0,10.0,10.0,NA,10.0,10.0,NA,10.0,10.0,NA,10.0,10.0,10.0,NA,NA,NA,0.0,0.0,0.0,0.0,0.0,1.0,0.0,NA,1.0,0.0,NA,NA,NA,0.0,0.0,0.0,NA,0.0,0.0,0.0,NA,NA,0.0,0.0,0.0,0.0,0.0,0.0,NA,0.0,0.0,0.0,0.0,0.0,1.0,0.0,0.0
"Herrod, Christopher N.",10.0,NA,NA,10.0,10.0,10.0,NA,10.0,10.0,10.0,NA,10.0,10.0,NA,NA,10.0,NA,10.0,10.0,10.0,NA,10.0,10.0,10.0,10.0,10.0,10.0,10.0,10.0,NA,10.0,10.0,10.0,10.0,10.0,10.0,10.0,10.0,10.0,10.0,10.0,10.0,NA,10.0,10.0,10.0,10.0,NA,10.0,10.0,10.0,10.0,NA,10.0,10.0,10.0,10.0,NA,10.0,10.0,10.0,10.0,NA,10.0,10.0,10.0,10.0,10.0,10.0,NA,10.0,10.0,10.0,10.0,10.0,10.0,10.0,10.0,10.0,10.0,10.0,10.0,10.0,NA,10.0,10.0,NA,10.0,10.0,NA,10.0,10.0,10.0,NA,NA,NA,1.0,1.0,0.0,0.0,0.0,0.0,0.0,NA,0.0,1.0,NA,NA,NA,0.0,0.0,0.0,NA,0.0,0.0,1.0,NA,NA,0.0,0.0,0.0,0.0,0.0,0.0,NA,0.0,0.0,1.0,0.0,0.0,0.0,0.0,0.0
"Hogue, David L.",NA,NA,NA,NA,NA,NA,NA,NA,NA,NA,NA,NA,NA,NA,NA,NA,NA,NA,NA,NA,NA,NA,NA,NA,NA,NA,NA,NA,NA,NA,NA,NA,NA,NA,NA,NA,NA,NA,NA,NA,NA,NA,NA,NA,NA,NA,NA,NA,NA,NA,NA,NA,NA,NA,NA,NA,NA,NA,NA,NA,NA,NA,NA,NA,NA,NA,NA,NA,NA,NA,NA,NA,NA,NA,NA,NA,NA,NA,NA,NA,NA,NA,NA,NA,NA,NA,NA,NA,NA,NA,NA,NA,NA,NA,NA,NA,NA,NA,NA,NA,NA,NA,NA,NA,NA,NA,NA,NA,NA,NA,NA,NA,NA,NA,NA,NA,NA,NA,NA,NA,NA,NA,NA,NA,NA,NA,NA,NA,NA,NA,NA,NA,NA
"Holdaway, Kory M.",10.0,NA,NA,10.0,10.0,10.0,NA,10.0,10.0,10.0,NA,10.0,10.0,NA,NA,10.0,NA,10.0,10.0,10.0,NA,10.0,10.0,10.0,10.0,10.0,10.0,10.0,10.0,NA,10.0,10.0,10.0,10.0,10.0,10.0,10.0,10.0,10.0,10.0,10.0,10.0,NA,10.0,10.0,10.0,10.0,NA,10.0,10.0,10.0,10.0,NA,10.0,10.0,10.0,10.0,NA,10.0,10.0,10.0,10.0,NA,10.0,10.0,10.0,10.0,10.0,10.0,NA,10.0,10.0,10.0,10.0,10.0,10.0,10.0,10.0,10.0,10.0,10.0,10.0,10.0,NA,10.0,10.0,NA,10.0,10.0,NA,10.0,10.0,10.0,NA,NA,NA,0.0,0.0,0.0,0.0,0.0,0.0,0.0,NA,0.0,0.0,NA,NA,NA,0.0,0.0,0.0,NA,0.0,1.0,0.0,NA,NA,0.0,0.0,0.0,0.0,0.0,0.0,NA,0.0,0.0,1.0,0.0,0.0,1.0,0.0,0.0
"Hughes, Gregory H.",10.0,NA,NA,10.0,10.0,10.0,NA,10.0,10.0,10.0,NA,10.0,10.0,NA,NA,10.0,NA,10.0,10.0,10.0,NA,10.0,10.0,10.0,10.0,10.0,10.0,10.0,10.0,NA,10.0,10.0,10.0,10.0,10.0,10.0,10.0,10.0,10.0,10.0,10.0,10.0,NA,10.0,10.0,10.0,10.0,NA,10.0,10.0,10.0,10.0,NA,10.0,10.0,10.0,10.0,NA,10.0,10.0,10.0,10.0,NA,10.0,10.0,10.0,10.0,10.0,10.0,NA,10.0,10.0,10.0,10.0,10.0,10.0,10.0,10.0,10.0,10.0,10.0,10.0,10.0,NA,10.0,10.0,NA,10.0,10.0,NA,10.0,10.0,10.0,NA,NA,NA,0.0,1.0,0.0,0.0,0.0,1.0,1.0,NA,0.0,0.0,NA,NA,NA,0.0,0.0,0.0,NA,1.0,0.0,0.0,NA,NA,0.0,0.0,0.0,0.0,1.0,0.0,NA,0.0,1.0,0.0,0.0,0.0,0.0,0.0,0.0
"Hunsaker, Fred R",10.0,NA,NA,10.0,10.0,10.0,NA,10.0,10.0,10.0,NA,10.0,10.0,NA,NA,10.0,NA,10.0,10.0,10.0,NA,10.0,10.0,10.0,10.0,10.0,10.0,10.0,10.0,NA,10.0,10.0,10.0,10.0,10.0,10.0,10.0,10.0,10.0,10.0,10.0,10.0,NA,10.0,10.0,10.0,10.0,NA,10.0,10.0,10.0,10.0,NA,10.0,10.0,10.0,10.0,NA,10.0,10.0,10.0,10.0,NA,10.0,10.0,10.0,10.0,10.0,10.0,NA,10.0,10.0,10.0,10.0,10.0,10.0,10.0,10.0,10.0,10.0,10.0,10.0,10.0,NA,10.0,10.0,NA,10.0,10.0,NA,10.0,10.0,10.0,NA,NA,NA,0.0,0.0,0.0,0.0,0.0,0.0,1.0,NA,0.0,0.0,NA,NA,NA,0.0,0.0,1.0,NA,0.0,0.0,0.0,NA,NA,0.0,0.0,0.0,0.0,0.0,0.0,NA,0.0,0.0,0.0,1.0,0.0,0.0,0.0,0.0
"Hutchings, Eric K.",10.0,NA,NA,10.0,10.0,10.0,NA,10.0,10.0,10.0,NA,10.0,10.0,NA,NA,10.0,NA,10.0,10.0,10.0,NA,10.0,10.0,10.0,10.0,10.0,10.0,10.0,10.0,NA,10.0,10.0,10.0,10.0,10.0,10.0,10.0,10.0,10.0,10.0,10.0,10.0,NA,10.0,10.0,10.0,10.0,NA,10.0,10.0,10.0,10.0,NA,10.0,10.0,10.0,10.0,NA,10.0,10.0,10.0,10.0,NA,10.0,10.0,10.0,10.0,10.0,10.0,NA,10.0,10.0,10.0,10.0,10.0,10.0,10.0,10.0,10.0,10.0,10.0,10.0,10.0,NA,10.0,10.0,NA,10.0,10.0,NA,10.0,10.0,10.0,NA,NA,NA,0.0,1.0,0.0,0.0,0.0,0.0,0.0,NA,0.0,0.0,NA,NA,NA,0.0,0.0,0.0,NA,0.0,1.0,0.0,NA,NA,1.0,0.0,0.0,0.0,0.0,0.0,NA,0.0,0.0,1.0,1.0,0.0,0.0,0.0,0.0
"Johnson, Bradley T.",NA,NA,NA,NA,NA,NA,NA,NA,NA,NA,NA,NA,NA,NA,NA,NA,NA,NA,NA,NA,NA,NA,NA,NA,NA,NA,NA,NA,NA,NA,NA,NA,NA,NA,NA,NA,NA,NA,NA,NA,NA,NA,NA,NA,NA,NA,NA,NA,NA,NA,NA,NA,NA,NA,NA,NA,NA,NA,NA,NA,NA,NA,NA,NA,NA,NA,NA,NA,NA,NA,NA,NA,NA,NA,NA,NA,NA,NA,NA,NA,NA,NA,NA,NA,NA,NA,NA,NA,NA,NA,NA,NA,NA,NA,NA,NA,NA,NA,NA,NA,NA,NA,NA,NA,NA,NA,NA,NA,NA,NA,NA,NA,NA,NA,NA,NA,NA,NA,NA,NA,NA,NA,NA,NA,NA,NA,NA,NA,NA,NA,NA,NA,NA
"Johnson, Christine A.",10.0,NA,NA,10.0,10.0,10.0,NA,10.0,10.0,10.0,NA,10.0,10.0,NA,NA,10.0,NA,10.0,10.0,10.0,NA,10.0,10.0,10.0,10.0,10.0,10.0,10.0,10.0,NA,10.0,10.0,10.0,10.0,10.0,10.0,10.0,10.0,10.0,10.0,10.0,10.0,NA,10.0,10.0,10.0,10.0,NA,10.0,10.0,10.0,10.0,NA,10.0,10.0,10.0,10.0,NA,10.0,10.0,10.0,10.0,NA,10.0,10.0,10.0,10.0,10.0,10.0,NA,10.0,10.0,10.0,10.0,10.0,10.0,10.0,10.0,10.0,10.0,10.0,10.0,10.0,NA,10.0,10.0,NA,10.0,10.0,NA,10.0,10.0,10.0,NA,NA,NA,0.0,0.0,0.0,0.0,0.0,1.0,0.0,NA,0.0,0.0,NA,NA,NA,0.0,0.0,0.0,NA,0.0,1.0,0.0,NA,NA,0.0,0.0,0.0,0.0,0.0,1.0,NA,0.0,0.0,0.0,0.0,1.0,0.0,1.0,0.0
"King, Brad",10.0,NA,NA,10.0,10.0,10.0,NA,10.0,10.0,10.0,NA,10.0,10.0,NA,NA,10.0,NA,10.0,10.0,10.0,NA,10.0,10.0,10.0,10.0,10.0,10.0,10.0,10.0,NA,10.0,10.0,10.0,10.0,10.0,10.0,10.0,10.0,10.0,10.0,10.0,10.0,NA,10.0,10.0,10.0,10.0,NA,10.0,10.0,10.0,10.0,NA,10.0,10.0,10.0,10.0,NA,10.0,10.0,10.0,10.0,NA,10.0,10.0,10.0,10.0,10.0,10.0,NA,10.0,10.0,10.0,10.0,10.0,10.0,10.0,10.0,10.0,10.0,10.0,10.0,10.0,NA,10.0,10.0,NA,10.0,10.0,NA,10.0,10.0,10.0,NA,NA,NA,0.0,0.0,0.0,0.0,0.0,0.0,0.0,NA,0.0,0.0,NA,NA,NA,0.0,0.0,0.0,NA,0.0,0.0,0.0,NA,NA,0.0,0.0,0.0,0.0,0.0,0.0,NA,0.0,0.0,0.0,0.0,0.0,0.0,0.0,0.0
"Kiser, Todd E.",10.0,NA,NA,10.0,10.0,10.0,NA,10.0,10.0,10.0,NA,10.0,10.0,NA,NA,10.0,NA,10.0,10.0,10.0,NA,10.0,10.0,10.0,10.0,10.0,10.0,10.0,10.0,NA,10.0,10.0,10.0,10.0,10.0,10.0,10.0,10.0,10.0,10.0,10.0,10.0,NA,10.0,10.0,10.0,10.0,NA,10.0,10.0,10.0,10.0,NA,10.0,10.0,10.0,10.0,NA,10.0,10.0,10.0,10.0,NA,10.0,10.0,10.0,10.0,10.0,10.0,NA,10.0,10.0,10.0,10.0,10.0,10.0,10.0,10.0,10.0,10.0,10.0,10.0,10.0,NA,10.0,10.0,NA,10.0,10.0,NA,10.0,10.0,10.0,NA,NA,NA,0.0,0.0,0.0,0.0,0.0,0.0,0.0,NA,0.0,0.0,NA,NA,NA,0.0,0.0,0.0,NA,0.0,0.0,0.0,NA,NA,0.0,0.0,0.0,0.0,0.0,0.0,NA,0.0,1.0,0.0,1.0,1.0,0.0,0.0,0.0
"Last, Bradley G.",10.0,NA,NA,10.0,10.0,10.0,NA,10.0,10.0,10.0,NA,10.0,10.0,NA,NA,10.0,NA,10.0,10.0,10.0,NA,10.0,10.0,10.0,10.0,10.0,10.0,10.0,10.0,NA,10.0,10.0,10.0,10.0,10.0,10.0,10.0,10.0,10.0,10.0,10.0,10.0,NA,10.0,10.0,10.0,10.0,NA,10.0,10.0,10.0,10.0,NA,10.0,10.0,10.0,10.0,NA,10.0,10.0,10.0,10.0,NA,10.0,10.0,10.0,10.0,10.0,10.0,NA,10.0,10.0,10.0,10.0,10.0,10.0,10.0,10.0,10.0,10.0,10.0,10.0,10.0,NA,10.0,10.0,NA,10.0,10.0,NA,10.0,10.0,10.0,NA,NA,NA,0.0,0.0,0.0,1.0,0.0,0.0,0.0,NA,0.0,0.0,NA,NA,NA,1.0,0.0,0.0,NA,0.0,0.0,0.0,NA,NA,0.0,0.0,0.0,1.0,1.0,1.0,NA,0.0,0.0,0.0,0.0,0.0,0.0,0.0,0.0
"Lawrence, M. Susan",NA,NA,NA,NA,NA,NA,NA,NA,NA,NA,NA,NA,NA,NA,NA,NA,NA,NA,NA,NA,NA,NA,NA,NA,NA,NA,NA,NA,NA,NA,NA,NA,NA,NA,NA,NA,NA,NA,NA,NA,NA,NA,NA,NA,NA,NA,NA,NA,NA,NA,NA,NA,NA,NA,NA,NA,NA,NA,NA,NA,NA,NA,NA,NA,NA,NA,NA,NA,NA,NA,NA,NA,NA,NA,NA,NA,NA,NA,NA,NA,NA,NA,NA,NA,NA,NA,NA,NA,NA,NA,NA,NA,NA,NA,NA,NA,NA,NA,NA,NA,NA,NA,NA,NA,NA,NA,NA,NA,NA,NA,NA,NA,NA,NA,NA,NA,NA,NA,NA,NA,NA,NA,NA,NA,NA,NA,NA,NA,NA,NA,NA,NA,NA
"Litvack, David",10.0,NA,NA,10.0,10.0,10.0,NA,10.0,10.0,10.0,NA,10.0,10.0,NA,NA,10.0,NA,10.0,10.0,10.0,NA,10.0,10.0,10.0,10.0,10.0,10.0,10.0,10.0,NA,10.0,10.0,10.0,10.0,10.0,10.0,10.0,10.0,10.0,10.0,10.0,10.0,NA,10.0,10.0,10.0,10.0,NA,10.0,10.0,10.0,10.0,NA,10.0,10.0,10.0,10.0,NA,10.0,10.0,10.0,10.0,NA,10.0,10.0,10.0,10.0,10.0,10.0,NA,10.0,10.0,10.0,10.0,10.0,10.0,10.0,10.0,10.0,10.0,10.0,10.0,10.0,NA,10.0,10.0,NA,10.0,10.0,NA,10.0,10.0,10.0,NA,NA,NA,0.0,0.0,1.0,1.0,0.0,0.0,0.0,NA,0.0,0.0,NA,NA,NA,0.0,0.0,0.0,NA,0.0,0.0,0.0,NA,NA,0.0,0.0,0.0,0.0,0.0,0.0,NA,0.0,0.0,0.0,0.0,0.0,0.0,0.0,0.0
"Lockhart, Rebecca D.",10.0,NA,NA,10.0,10.0,10.0,NA,10.0,10.0,10.0,NA,10.0,10.0,NA,NA,10.0,NA,10.0,10.0,10.0,NA,10.0,10.0,10.0,10.0,10.0,10.0,10.0,10.0,NA,10.0,10.0,10.0,10.0,10.0,10.0,10.0,10.0,10.0,10.0,10.0,10.0,NA,10.0,10.0,10.0,10.0,NA,10.0,10.0,10.0,10.0,NA,10.0,10.0,10.0,10.0,NA,10.0,10.0,10.0,10.0,NA,10.0,10.0,10.0,10.0,10.0,10.0,NA,10.0,10.0,10.0,10.0,10.0,10.0,10.0,10.0,10.0,10.0,10.0,10.0,10.0,NA,10.0,10.0,NA,10.0,10.0,NA,10.0,10.0,10.0,NA,NA,NA,0.0,1.0,0.0,0.0,0.0,0.0,1.0,NA,0.0,1.0,NA,NA,NA,0.0,0.0,0.0,NA,1.0,0.0,0.0,NA,NA,0.0,0.0,0.0,0.0,0.0,0.0,NA,0.0,0.0,0.0,1.0,0.0,0.0,0.0,0.0
"Mascaro, Steven R.",10.0,NA,NA,10.0,10.0,10.0,NA,10.0,10.0,10.0,NA,10.0,10.0,NA,NA,10.0,NA,10.0,10.0,10.0,NA,10.0,10.0,10.0,10.0,10.0,10.0,10.0,10.0,NA,10.0,10.0,10.0,10.0,10.0,10.0,10.0,10.0,10.0,10.0,10.0,10.0,NA,10.0,10.0,10.0,10.0,NA,10.0,10.0,10.0,10.0,NA,10.0,10.0,10.0,10.0,NA,10.0,10.0,10.0,10.0,NA,10.0,10.0,10.0,10.0,10.0,10.0,NA,10.0,10.0,10.0,10.0,10.0,10.0,10.0,10.0,10.0,10.0,10.0,10.0,10.0,NA,10.0,10.0,NA,10.0,10.0,NA,10.0,10.0,10.0,NA,NA,NA,0.0,0.0,1.0,0.0,0.0,0.0,0.0,NA,0.0,0.0,NA,NA,NA,0.0,0.0,1.0,NA,0.0,0.0,0.0,NA,NA,0.0,0.0,0.0,0.0,0.0,0.0,NA,0.0,0.0,0.0,0.0,0.0,0.0,0.0,0.0
"Mathis, John G.",10.0,NA,NA,10.0,10.0,10.0,NA,10.0,10.0,10.0,NA,10.0,10.0,NA,NA,10.0,NA,10.0,10.0,10.0,NA,10.0,10.0,10.0,10.0,10.0,10.0,10.0,10.0,NA,10.0,10.0,10.0,10.0,10.0,10.0,10.0,10.0,10.0,10.0,10.0,10.0,NA,10.0,10.0,10.0,10.0,NA,10.0,10.0,10.0,10.0,NA,10.0,10.0,10.0,10.0,NA,10.0,10.0,10.0,10.0,NA,10.0,10.0,10.0,10.0,10.0,10.0,NA,10.0,10.0,10.0,10.0,10.0,10.0,10.0,10.0,10.0,10.0,10.0,10.0,10.0,NA,10.0,10.0,NA,10.0,10.0,NA,10.0,10.0,10.0,NA,NA,NA,0.0,0.0,0.0,0.0,0.0,0.0,0.0,NA,0.0,0.0,NA,NA,NA,0.0,0.0,0.0,NA,0.0,0.0,0.0,NA,NA,0.0,0.0,0.0,0.0,0.0,0.0,NA,0.0,1.0,0.0,0.0,1.0,0.0,0.0,0.0
"McCartney, Ty",NA,NA,NA,NA,NA,NA,NA,NA,NA,NA,NA,NA,NA,NA,NA,NA,NA,NA,NA,NA,NA,NA,NA,NA,NA,NA,NA,NA,NA,NA,NA,NA,NA,NA,NA,NA,NA,NA,NA,NA,NA,NA,NA,NA,NA,NA,NA,NA,NA,NA,NA,NA,NA,NA,NA,NA,NA,NA,NA,NA,NA,NA,NA,NA,NA,NA,NA,NA,NA,NA,NA,NA,NA,NA,NA,NA,NA,NA,NA,NA,NA,NA,NA,NA,NA,NA,NA,NA,NA,NA,NA,NA,NA,NA,NA,NA,NA,NA,NA,NA,NA,NA,NA,NA,NA,NA,NA,NA,NA,NA,NA,NA,NA,NA,NA,NA,NA,NA,NA,NA,NA,NA,NA,NA,NA,NA,NA,NA,NA,NA,NA,NA,NA
"McGee, Rosalind J.",10.0,NA,NA,10.0,10.0,10.0,NA,10.0,10.0,10.0,NA,10.0,10.0,NA,NA,10.0,NA,10.0,10.0,10.0,NA,10.0,10.0,10.0,10.0,10.0,10.0,10.0,10.0,NA,10.0,10.0,10.0,10.0,10.0,10.0,10.0,10.0,10.0,10.0,10.0,10.0,NA,10.0,10.0,10.0,10.0,NA,10.0,10.0,10.0,10.0,NA,10.0,10.0,10.0,10.0,NA,10.0,10.0,10.0,10.0,NA,10.0,10.0,10.0,10.0,10.0,10.0,NA,10.0,10.0,10.0,10.0,10.0,10.0,10.0,10.0,10.0,10.0,10.0,10.0,10.0,NA,10.0,10.0,NA,10.0,10.0,NA,10.0,10.0,10.0,NA,NA,NA,1.0,0.0,0.0,0.0,0.0,0.0,0.0,NA,0.0,0.0,NA,NA,NA,0.0,0.0,0.0,NA,0.0,0.0,0.0,NA,NA,0.0,0.0,0.0,0.0,0.0,0.0,NA,0.0,0.0,0.0,0.0,0.0,0.0,0.0,0.0
"McIff, Kay L.",10.0,NA,NA,10.0,10.0,10.0,NA,10.0,10.0,10.0,NA,10.0,10.0,NA,NA,10.0,NA,10.0,10.0,10.0,NA,10.0,10.0,10.0,10.0,10.0,10.0,10.0,10.0,NA,10.0,10.0,10.0,10.0,10.0,10.0,10.0,10.0,10.0,10.0,10.0,10.0,NA,10.0,10.0,10.0,10.0,NA,10.0,10.0,10.0,10.0,NA,10.0,10.0,10.0,10.0,NA,10.0,10.0,10.0,10.0,NA,10.0,10.0,10.0,10.0,10.0,10.0,NA,10.0,10.0,10.0,10.0,10.0,10.0,10.0,10.0,10.0,10.0,10.0,10.0,10.0,NA,10.0,10.0,NA,10.0,10.0,NA,10.0,10.0,10.0,NA,NA,NA,0.0,0.0,0.0,0.0,0.0,0.0,0.0,NA,0.0,0.0,NA,NA,NA,0.0,1.0,0.0,NA,0.0,0.0,0.0,NA,NA,0.0,0.0,0.0,0.0,0.0,0.0,NA,0.0,0.0,0.0,0.0,0.0,0.0,0.0,0.0
"Menlove, Ronda Rudd",10.0,NA,NA,10.0,10.0,10.0,NA,10.0,10.0,10.0,NA,10.0,10.0,NA,NA,10.0,NA,10.0,10.0,10.0,NA,10.0,10.0,10.0,10.0,10.0,10.0,10.0,10.0,NA,10.0,10.0,10.0,10.0,10.0,10.0,10.0,10.0,10.0,10.0,10.0,10.0,NA,10.0,10.0,10.0,10.0,NA,10.0,10.0,10.0,10.0,NA,10.0,10.0,10.0,10.0,NA,10.0,10.0,10.0,10.0,NA,10.0,10.0,10.0,10.0,10.0,10.0,NA,10.0,10.0,10.0,10.0,10.0,10.0,10.0,10.0,10.0,10.0,10.0,10.0,10.0,NA,10.0,10.0,NA,10.0,10.0,NA,10.0,10.0,10.0,NA,NA,NA,0.0,0.0,0.0,1.0,0.0,0.0,0.0,NA,0.0,0.0,NA,NA,NA,0.0,1.0,0.0,NA,0.0,1.0,0.0,NA,NA,1.0,0.0,0.0,0.0,1.0,0.0,NA,0.0,0.0,0.0,1.0,1.0,0.0,0.0,0.0
"Morgan, Karen W.",10.0,NA,NA,10.0,10.0,10.0,NA,10.0,10.0,10.0,NA,10.0,10.0,NA,NA,10.0,NA,10.0,10.0,10.0,NA,10.0,10.0,10.0,10.0,10.0,10.0,10.0,10.0,NA,10.0,10.0,10.0,10.0,10.0,10.0,10.0,10.0,10.0,10.0,10.0,10.0,NA,10.0,10.0,10.0,10.0,NA,10.0,10.0,10.0,10.0,NA,10.0,10.0,10.0,10.0,NA,10.0,10.0,10.0,10.0,NA,10.0,10.0,10.0,10.0,10.0,10.0,NA,10.0,10.0,10.0,10.0,10.0,10.0,10.0,10.0,10.0,10.0,10.0,10.0,10.0,NA,10.0,10.0,NA,10.0,10.0,NA,10.0,10.0,10.0,NA,NA,NA,0.0,0.0,0.0,0.0,0.0,0.0,0.0,NA,0.0,0.0,NA,NA,NA,0.0,1.0,0.0,NA,0.0,0.0,1.0,NA,NA,0.0,0.0,0.0,0.0,0.0,0.0,NA,0.0,0.0,0.0,0.0,0.0,1.0,1.0,0.0
"Morley, Michael T.",10.0,NA,NA,10.0,10.0,10.0,NA,10.0,10.0,10.0,NA,10.0,10.0,NA,NA,10.0,NA,10.0,10.0,10.0,NA,10.0,10.0,10.0,10.0,10.0,10.0,10.0,10.0,NA,10.0,10.0,10.0,10.0,10.0,10.0,10.0,10.0,10.0,10.0,10.0,10.0,NA,10.0,10.0,10.0,10.0,NA,10.0,10.0,10.0,10.0,NA,10.0,10.0,10.0,10.0,NA,10.0,10.0,10.0,10.0,NA,10.0,10.0,10.0,10.0,10.0,10.0,NA,10.0,10.0,10.0,10.0,10.0,10.0,10.0,10.0,10.0,10.0,10.0,10.0,10.0,NA,10.0,10.0,NA,10.0,10.0,NA,10.0,10.0,10.0,NA,NA,NA,1.0,1.0,0.0,0.0,0.0,0.0,1.0,NA,0.0,0.0,NA,NA,NA,0.0,0.0,1.0,NA,0.0,0.0,1.0,NA,NA,0.0,0.0,1.0,1.0,0.0,0.0,NA,0.0,0.0,0.0,0.0,1.0,0.0,0.0,0.0
"Moss, Carol Spackman",10.0,NA,NA,10.0,10.0,10.0,NA,10.0,10.0,10.0,NA,10.0,10.0,NA,NA,10.0,NA,10.0,10.0,10.0,NA,10.0,10.0,10.0,10.0,10.0,10.0,10.0,10.0,NA,10.0,10.0,10.0,10.0,10.0,10.0,10.0,10.0,10.0,10.0,10.0,10.0,NA,10.0,10.0,10.0,10.0,NA,10.0,10.0,10.0,10.0,NA,10.0,10.0,10.0,10.0,NA,10.0,10.0,10.0,10.0,NA,10.0,10.0,10.0,10.0,10.0,10.0,NA,10.0,10.0,10.0,10.0,10.0,10.0,10.0,10.0,10.0,10.0,10.0,10.0,10.0,NA,10.0,10.0,NA,10.0,10.0,NA,10.0,10.0,10.0,NA,NA,NA,0.0,0.0,0.0,0.0,0.0,0.0,0.0,NA,0.0,1.0,NA,NA,NA,0.0,0.0,0.0,NA,0.0,0.0,0.0,NA,NA,0.0,0.0,0.0,0.0,0.0,0.0,NA,0.0,0.0,0.0,0.0,0.0,0.0,1.0,1.0
"Murray, Joseph G.",NA,NA,NA,NA,NA,NA,NA,NA,NA,NA,NA,NA,NA,NA,NA,NA,NA,NA,NA,NA,NA,NA,NA,NA,NA,NA,NA,NA,NA,NA,NA,NA,NA,NA,NA,NA,NA,NA,NA,NA,NA,NA,NA,NA,NA,NA,NA,NA,NA,NA,NA,NA,NA,NA,NA,NA,NA,NA,NA,NA,NA,NA,NA,NA,NA,NA,NA,NA,NA,NA,NA,NA,NA,NA,NA,NA,NA,NA,NA,NA,NA,NA,NA,NA,NA,NA,NA,NA,NA,NA,NA,NA,NA,NA,NA,NA,NA,NA,NA,NA,NA,NA,NA,NA,NA,NA,NA,NA,NA,NA,NA,NA,NA,NA,NA,NA,NA,NA,NA,NA,NA,NA,NA,NA,NA,NA,NA,NA,NA,NA,NA,NA,NA
"Neuenschwander, Paul A.",10.0,NA,NA,10.0,10.0,10.0,NA,10.0,10.0,10.0,NA,10.0,10.0,NA,NA,10.0,NA,10.0,10.0,10.0,NA,10.0,10.0,10.0,10.0,10.0,10.0,10.0,10.0,NA,10.0,10.0,10.0,10.0,10.0,10.0,10.0,10.0,10.0,10.0,10.0,10.0,NA,10.0,10.0,10.0,10.0,NA,10.0,10.0,10.0,10.0,NA,10.0,10.0,10.0,10.0,NA,10.0,10.0,10.0,10.0,NA,10.0,10.0,10.0,10.0,10.0,10.0,NA,10.0,10.0,10.0,10.0,10.0,10.0,10.0,10.0,10.0,10.0,10.0,10.0,10.0,NA,10.0,10.0,NA,10.0,10.0,NA,10.0,10.0,10.0,NA,NA,NA,0.0,0.0,0.0,0.0,0.0,0.0,1.0,NA,0.0,1.0,NA,NA,NA,0.0,0.0,0.0,NA,0.0,0.0,0.0,NA,NA,0.0,0.0,1.0,0.0,0.0,0.0,NA,0.0,1.0,0.0,0.0,0.0,0.0,0.0,0.0
"Newbold, Merlynn T.",10.0,NA,NA,10.0,10.0,10.0,NA,10.0,10.0,10.0,NA,10.0,10.0,NA,NA,10.0,NA,10.0,10.0,10.0,NA,10.0,10.0,10.0,10.0,10.0,10.0,10.0,10.0,NA,10.0,10.0,10.0,10.0,10.0,10.0,10.0,10.0,10.0,10.0,10.0,10.0,NA,10.0,10.0,10.0,10.0,NA,10.0,10.0,10.0,10.0,NA,10.0,10.0,10.0,10.0,NA,10.0,10.0,10.0,10.0,NA,10.0,10.0,10.0,10.0,10.0,10.0,NA,10.0,10.0,10.0,10.0,10.0,10.0,10.0,10.0,10.0,10.0,10.0,10.0,10.0,NA,10.0,10.0,NA,10.0,10.0,NA,10.0,10.0,10.0,NA,NA,NA,0.0,0.0,0.0,1.0,0.0,0.0,0.0,NA,0.0,0.0,NA,NA,NA,0.0,0.0,0.0,NA,1.0,0.0,0.0,NA,NA,0.0,0.0,1.0,0.0,0.0,0.0,NA,0.0,0.0,1.0,0.0,0.0,0.0,0.0,0.0
"Noel, Michael E.",10.0,NA,NA,10.0,10.0,10.0,NA,10.0,10.0,10.0,NA,10.0,10.0,NA,NA,10.0,NA,10.0,10.0,10.0,NA,10.0,10.0,10.0,10.0,10.0,10.0,10.0,10.0,NA,10.0,10.0,10.0,10.0,10.0,10.0,10.0,10.0,10.0,10.0,10.0,10.0,NA,10.0,10.0,10.0,10.0,NA,10.0,10.0,10.0,10.0,NA,10.0,10.0,10.0,10.0,NA,10.0,10.0,10.0,10.0,NA,10.0,10.0,10.0,10.0,10.0,10.0,NA,10.0,10.0,10.0,10.0,10.0,10.0,10.0,10.0,10.0,10.0,10.0,10.0,10.0,NA,10.0,10.0,NA,10.0,10.0,NA,10.0,10.0,10.0,NA,NA,NA,0.0,0.0,0.0,0.0,1.0,1.0,0.0,NA,0.0,1.0,NA,NA,NA,1.0,0.0,1.0,NA,0.0,0.0,0.0,NA,NA,0.0,0.0,0.0,1.0,0.0,1.0,NA,0.0,0.0,0.0,0.0,0.0,0.0,0.0,0.0
"Oda, Curtis",10.0,NA,NA,10.0,10.0,10.0,NA,10.0,10.0,10.0,NA,10.0,10.0,NA,NA,10.0,NA,10.0,10.0,10.0,NA,10.0,10.0,10.0,10.0,10.0,10.0,10.0,10.0,NA,10.0,10.0,10.0,10.0,10.0,10.0,10.0,10.0,10.0,10.0,10.0,10.0,NA,10.0,10.0,10.0,10.0,NA,10.0,10.0,10.0,10.0,NA,10.0,10.0,10.0,10.0,NA,10.0,10.0,10.0,10.0,NA,10.0,10.0,10.0,10.0,10.0,10.0,NA,10.0,10.0,10.0,10.0,10.0,10.0,10.0,10.0,10.0,10.0,10.0,10.0,10.0,NA,10.0,10.0,NA,10.0,10.0,NA,10.0,10.0,10.0,NA,NA,NA,1.0,0.0,0.0,0.0,0.0,0.0,0.0,NA,0.0,1.0,NA,NA,NA,1.0,0.0,0.0,NA,1.0,1.0,0.0,NA,NA,0.0,0.0,0.0,0.0,0.0,0.0,NA,0.0,0.0,1.0,1.0,0.0,0.0,0.0,0.0
"Painter, Patrick",10.0,NA,NA,10.0,10.0,10.0,NA,10.0,10.0,10.0,NA,10.0,10.0,NA,NA,10.0,NA,10.0,10.0,10.0,NA,10.0,10.0,10.0,10.0,10.0,10.0,10.0,10.0,NA,10.0,10.0,10.0,10.0,10.0,10.0,10.0,10.0,10.0,10.0,10.0,10.0,NA,10.0,10.0,10.0,10.0,NA,10.0,10.0,10.0,10.0,NA,10.0,10.0,10.0,10.0,NA,10.0,10.0,10.0,10.0,NA,10.0,10.0,10.0,10.0,10.0,10.0,NA,10.0,10.0,10.0,10.0,10.0,10.0,10.0,10.0,10.0,10.0,10.0,10.0,10.0,NA,10.0,10.0,NA,10.0,10.0,NA,10.0,10.0,10.0,NA,NA,NA,0.0,0.0,0.0,0.0,0.0,0.0,0.0,NA,0.0,0.0,NA,NA,NA,0.0,0.0,0.0,NA,0.0,0.0,0.0,NA,NA,0.0,0.0,0.0,0.0,0.0,1.0,NA,0.0,1.0,0.0,0.0,1.0,0.0,0.0,0.0
"Ray, Paul",10.0,NA,NA,10.0,10.0,10.0,NA,10.0,10.0,10.0,NA,10.0,10.0,NA,NA,10.0,NA,10.0,10.0,10.0,NA,10.0,10.0,10.0,10.0,10.0,10.0,10.0,10.0,NA,10.0,10.0,10.0,10.0,10.0,10.0,10.0,10.0,10.0,10.0,10.0,10.0,NA,10.0,10.0,10.0,10.0,NA,10.0,10.0,10.0,10.0,NA,10.0,10.0,10.0,10.0,NA,10.0,10.0,10.0,10.0,NA,10.0,10.0,10.0,10.0,10.0,10.0,NA,10.0,10.0,10.0,10.0,10.0,10.0,10.0,10.0,10.0,10.0,10.0,10.0,10.0,NA,10.0,10.0,NA,10.0,10.0,NA,10.0,10.0,10.0,NA,NA,NA,0.0,1.0,0.0,1.0,0.0,0.0,0.0,NA,0.0,0.0,NA,NA,NA,0.0,0.0,0.0,NA,0.0,0.0,0.0,NA,NA,0.0,0.0,0.0,1.0,0.0,0.0,NA,0.0,0.0,0.0,1.0,0.0,0.0,0.0,0.0
"Riesen, Phil",10.0,NA,NA,10.0,10.0,10.0,NA,10.0,10.0,10.0,NA,10.0,10.0,NA,NA,10.0,NA,10.0,10.0,10.0,NA,10.0,10.0,10.0,10.0,10.0,10.0,10.0,10.0,NA,10.0,10.0,10.0,10.0,10.0,10.0,10.0,10.0,10.0,10.0,10.0,10.0,NA,10.0,10.0,10.0,10.0,NA,10.0,10.0,10.0,10.0,NA,10.0,10.0,10.0,10.0,NA,10.0,10.0,10.0,10.0,NA,10.0,10.0,10.0,10.0,10.0,10.0,NA,10.0,10.0,10.0,10.0,10.0,10.0,10.0,10.0,10.0,10.0,10.0,10.0,10.0,NA,10.0,10.0,NA,10.0,10.0,NA,10.0,10.0,10.0,NA,NA,NA,0.0,0.0,0.0,1.0,0.0,0.0,0.0,NA,0.0,0.0,NA,NA,NA,0.0,0.0,0.0,NA,0.0,0.0,0.0,NA,NA,1.0,0.0,0.0,0.0,0.0,0.0,NA,0.0,0.0,0.0,0.0,0.0,0.0,0.0,0.0
"Sandstrom, Stephen E.",10.0,NA,NA,10.0,10.0,10.0,NA,10.0,10.0,10.0,NA,10.0,10.0,NA,NA,10.0,NA,10.0,10.0,10.0,NA,10.0,10.0,10.0,10.0,10.0,10.0,10.0,10.0,NA,10.0,10.0,10.0,10.0,10.0,10.0,10.0,10.0,10.0,10.0,10.0,10.0,NA,10.0,10.0,10.0,10.0,NA,10.0,10.0,10.0,10.0,NA,10.0,10.0,10.0,10.0,NA,10.0,10.0,10.0,10.0,NA,10.0,10.0,10.0,10.0,10.0,10.0,NA,10.0,10.0,10.0,10.0,10.0,10.0,10.0,10.0,10.0,10.0,10.0,10.0,10.0,NA,10.0,10.0,NA,10.0,10.0,NA,10.0,10.0,10.0,NA,NA,NA,0.0,1.0,0.0,0.0,0.0,0.0,0.0,NA,0.0,0.0,NA,NA,NA,0.0,0.0,0.0,NA,0.0,1.0,0.0,NA,NA,0.0,0.0,0.0,0.0,0.0,0.0,NA,0.0,0.0,0.0,1.0,0.0,0.0,0.0,0.0
"Seelig, Jennifer M.",10.0,NA,NA,10.0,10.0,10.0,NA,10.0,10.0,10.0,NA,10.0,10.0,NA,NA,10.0,NA,10.0,10.0,10.0,NA,10.0,10.0,10.0,10.0,10.0,10.0,10.0,10.0,NA,10.0,10.0,10.0,10.0,10.0,10.0,10.0,10.0,10.0,10.0,10.0,10.0,NA,10.0,10.0,10.0,10.0,NA,10.0,10.0,10.0,10.0,NA,10.0,10.0,10.0,10.0,NA,10.0,10.0,10.0,10.0,NA,10.0,10.0,10.0,10.0,10.0,10.0,NA,10.0,10.0,10.0,10.0,10.0,10.0,10.0,10.0,10.0,10.0,10.0,10.0,10.0,NA,10.0,10.0,NA,10.0,10.0,NA,10.0,10.0,10.0,NA,NA,NA,0.0,0.0,0.0,0.0,0.0,0.0,0.0,NA,0.0,0.0,NA,NA,NA,0.0,0.0,0.0,NA,1.0,0.0,0.0,NA,NA,0.0,1.0,0.0,0.0,0.0,0.0,NA,0.0,0.0,0.0,0.0,0.0,0.0,0.0,0.0
"Shurtliff, LaWanna",10.0,NA,NA,10.0,10.0,10.0,NA,10.0,10.0,10.0,NA,10.0,10.0,NA,NA,10.0,NA,10.0,10.0,10.0,NA,10.0,10.0,10.0,10.0,10.0,10.0,10.0,10.0,NA,10.0,10.0,10.0,10.0,10.0,10.0,10.0,10.0,10.0,10.0,10.0,10.0,NA,10.0,10.0,10.0,10.0,NA,10.0,10.0,10.0,10.0,NA,10.0,10.0,10.0,10.0,NA,10.0,10.0,10.0,10.0,NA,10.0,10.0,10.0,10.0,10.0,10.0,NA,10.0,10.0,10.0,10.0,10.0,10.0,10.0,10.0,10.0,10.0,10.0,10.0,10.0,NA,10.0,10.0,NA,10.0,10.0,NA,10.0,10.0,10.0,NA,NA,NA,1.0,0.0,0.0,0.0,0.0,0.0,0.0,NA,0.0,1.0,NA,NA,NA,0.0,0.0,0.0,NA,0.0,0.0,0.0,NA,NA,0.0,0.0,0.0,0.0,0.0,0.0,NA,0.0,0.0,0.0,0.0,0.0,0.0,1.0,0.0
"Snow, Gordon E.",10.0,NA,NA,10.0,10.0,10.0,NA,10.0,10.0,10.0,NA,10.0,10.0,NA,NA,10.0,NA,10.0,10.0,10.0,NA,10.0,10.0,10.0,10.0,10.0,10.0,10.0,10.0,NA,10.0,10.0,10.0,10.0,10.0,10.0,10.0,10.0,10.0,10.0,10.0,10.0,NA,10.0,10.0,10.0,10.0,NA,10.0,10.0,10.0,10.0,NA,10.0,10.0,10.0,10.0,NA,10.0,10.0,10.0,10.0,NA,10.0,10.0,10.0,10.0,10.0,10.0,NA,10.0,10.0,10.0,10.0,10.0,10.0,10.0,10.0,10.0,10.0,10.0,10.0,10.0,NA,10.0,10.0,NA,10.0,10.0,NA,10.0,10.0,10.0,NA,NA,NA,0.0,0.0,0.0,0.0,0.0,0.0,0.0,NA,0.0,0.0,NA,NA,NA,0.0,0.0,0.0,NA,0.0,0.0,0.0,NA,NA,0.0,0.0,0.0,0.0,0.0,0.0,NA,0.0,1.0,0.0,0.0,0.0,0.0,0.0,0.0
"Sumsion, Kenneth W.",10.0,NA,NA,10.0,10.0,10.0,NA,10.0,10.0,10.0,NA,10.0,10.0,NA,NA,10.0,NA,10.0,10.0,10.0,NA,10.0,10.0,10.0,10.0,10.0,10.0,10.0,10.0,NA,10.0,10.0,10.0,10.0,10.0,10.0,10.0,10.0,10.0,10.0,10.0,10.0,NA,10.0,10.0,10.0,10.0,NA,10.0,10.0,10.0,10.0,NA,10.0,10.0,10.0,10.0,NA,10.0,10.0,10.0,10.0,NA,10.0,10.0,10.0,10.0,10.0,10.0,NA,10.0,10.0,10.0,10.0,10.0,10.0,10.0,10.0,10.0,10.0,10.0,10.0,10.0,NA,10.0,10.0,NA,10.0,10.0,NA,10.0,10.0,10.0,NA,NA,NA,0.0,0.0,0.0,0.0,0.0,0.0,0.0,NA,0.0,0.0,NA,NA,NA,0.0,0.0,0.0,NA,0.0,0.0,0.0,NA,NA,0.0,0.0,0.0,0.0,0.0,0.0,NA,0.0,0.0,0.0,0.0,1.0,0.0,0.0,0.0
"Tilton, Aaron",10.0,NA,NA,10.0,10.0,10.0,NA,10.0,10.0,10.0,NA,10.0,10.0,NA,NA,10.0,NA,10.0,10.0,10.0,NA,10.0,10.0,10.0,10.0,10.0,10.0,10.0,10.0,NA,10.0,10.0,10.0,10.0,10.0,10.0,10.0,10.0,10.0,10.0,10.0,10.0,NA,10.0,10.0,10.0,10.0,NA,10.0,10.0,10.0,10.0,NA,10.0,10.0,10.0,10.0,NA,10.0,10.0,10.0,10.0,NA,10.0,10.0,10.0,10.0,10.0,10.0,NA,10.0,10.0,10.0,10.0,10.0,10.0,10.0,10.0,10.0,10.0,10.0,10.0,10.0,NA,10.0,10.0,NA,10.0,10.0,NA,10.0,10.0,10.0,NA,NA,NA,0.0,0.0,0.0,0.0,0.0,1.0,0.0,NA,0.0,0.0,NA,NA,NA,0.0,0.0,0.0,NA,0.0,0.0,0.0,NA,NA,0.0,0.0,0.0,1.0,0.0,0.0,NA,0.0,0.0,0.0,0.0,0.0,0.0,0.0,0.0
"Ure, David",NA,NA,NA,NA,NA,NA,NA,NA,NA,NA,NA,NA,NA,NA,NA,NA,NA,NA,NA,NA,NA,NA,NA,NA,NA,NA,NA,NA,NA,NA,NA,NA,NA,NA,NA,NA,NA,NA,NA,NA,NA,NA,NA,NA,NA,NA,NA,NA,NA,NA,NA,NA,NA,NA,NA,NA,NA,NA,NA,NA,NA,NA,NA,NA,NA,NA,NA,NA,NA,NA,NA,NA,NA,NA,NA,NA,NA,NA,NA,NA,NA,NA,NA,NA,NA,NA,NA,NA,NA,NA,NA,NA,NA,NA,NA,NA,NA,NA,NA,NA,NA,NA,NA,NA,NA,NA,NA,NA,NA,NA,NA,NA,NA,NA,NA,NA,NA,NA,NA,NA,NA,NA,NA,NA,NA,NA,NA,NA,NA,NA,NA,NA,NA
"Urquhart, Stephen H.",10.0,NA,NA,10.0,10.0,10.0,NA,10.0,10.0,10.0,NA,10.0,10.0,NA,NA,10.0,NA,10.0,10.0,10.0,NA,10.0,10.0,10.0,10.0,10.0,10.0,10.0,10.0,NA,10.0,10.0,10.0,10.0,10.0,10.0,10.0,10.0,10.0,10.0,10.0,10.0,NA,10.0,10.0,10.0,10.0,NA,10.0,10.0,10.0,10.0,NA,10.0,10.0,10.0,10.0,NA,10.0,10.0,10.0,10.0,NA,10.0,10.0,10.0,10.0,10.0,10.0,NA,10.0,10.0,10.0,10.0,10.0,10.0,10.0,10.0,10.0,10.0,10.0,10.0,10.0,NA,10.0,10.0,NA,10.0,10.0,NA,10.0,10.0,10.0,NA,NA,NA,0.0,1.0,0.0,0.0,0.0,0.0,0.0,NA,0.0,1.0,NA,NA,NA,0.0,0.0,0.0,NA,1.0,0.0,0.0,NA,NA,0.0,0.0,0.0,0.0,0.0,0.0,NA,0.0,0.0,0.0,0.0,0.0,0.0,0.0,0.0
"Walker, Mark W.",10.0,NA,NA,10.0,10.0,10.0,NA,10.0,10.0,10.0,NA,10.0,10.0,NA,NA,10.0,NA,10.0,10.0,10.0,NA,10.0,10.0,10.0,10.0,10.0,10.0,10.0,10.0,NA,10.0,10.0,10.0,10.0,10.0,10.0,10.0,10.0,10.0,10.0,10.0,10.0,NA,10.0,10.0,10.0,10.0,NA,10.0,10.0,10.0,10.0,NA,10.0,10.0,10.0,10.0,NA,10.0,10.0,10.0,10.0,NA,10.0,10.0,10.0,10.0,10.0,10.0,NA,10.0,10.0,10.0,10.0,10.0,10.0,10.0,10.0,10.0,10.0,10.0,10.0,10.0,NA,10.0,10.0,NA,10.0,10.0,NA,10.0,10.0,10.0,NA,NA,NA,0.0,0.0,0.0,0.0,0.0,0.0,0.0,NA,0.0,0.0,NA,NA,NA,0.0,0.0,0.0,NA,1.0,0.0,0.0,NA,NA,0.0,0.0,1.0,0.0,0.0,0.0,NA,0.0,0.0,0.0,0.0,0.0,0.0,0.0,0.0
"Wallace, Peggy",NA,NA,NA,NA,NA,NA,NA,NA,NA,NA,NA,NA,NA,NA,NA,NA,NA,NA,NA,NA,NA,NA,NA,NA,NA,NA,NA,NA,NA,NA,NA,NA,NA,NA,NA,NA,NA,NA,NA,NA,NA,NA,NA,NA,NA,NA,NA,NA,NA,NA,NA,NA,NA,NA,NA,NA,NA,NA,NA,NA,NA,NA,NA,NA,NA,NA,NA,NA,NA,NA,NA,NA,NA,NA,NA,NA,NA,NA,NA,NA,NA,NA,NA,NA,NA,NA,NA,NA,NA,NA,NA,NA,NA,NA,NA,NA,NA,NA,NA,NA,NA,NA,NA,NA,NA,NA,NA,NA,NA,NA,NA,NA,NA,NA,NA,NA,NA,NA,NA,NA,NA,NA,NA,NA,NA,NA,NA,NA,NA,NA,NA,NA,NA
"Webb, R. Curt",10.0,NA,NA,10.0,10.0,10.0,NA,10.0,10.0,10.0,NA,10.0,10.0,NA,NA,10.0,NA,10.0,10.0,10.0,NA,10.0,10.0,10.0,10.0,10.0,10.0,10.0,10.0,NA,10.0,10.0,10.0,10.0,10.0,10.0,10.0,10.0,10.0,10.0,10.0,10.0,NA,10.0,10.0,10.0,10.0,NA,10.0,10.0,10.0,10.0,NA,10.0,10.0,10.0,10.0,NA,10.0,10.0,10.0,10.0,NA,10.0,10.0,10.0,10.0,10.0,10.0,NA,10.0,10.0,10.0,10.0,10.0,10.0,10.0,10.0,10.0,10.0,10.0,10.0,10.0,NA,10.0,10.0,NA,10.0,10.0,NA,10.0,10.0,10.0,NA,NA,NA,1.0,0.0,0.0,0.0,0.0,0.0,0.0,NA,0.0,0.0,NA,NA,NA,0.0,0.0,0.0,NA,0.0,1.0,0.0,NA,NA,0.0,0.0,0.0,0.0,0.0,0.0,NA,0.0,0.0,0.0,0.0,0.0,0.0,0.0,0.0
"Wheatley, Mark A.",10.0,NA,NA,10.0,10.0,10.0,NA,10.0,10.0,10.0,NA,10.0,10.0,NA,NA,10.0,NA,10.0,10.0,10.0,NA,10.0,10.0,10.0,10.0,10.0,10.0,10.0,10.0,NA,10.0,10.0,10.0,10.0,10.0,10.0,10.0,10.0,10.0,10.0,10.0,10.0,NA,10.0,10.0,10.0,10.0,NA,10.0,10.0,10.0,10.0,NA,10.0,10.0,10.0,10.0,NA,10.0,10.0,10.0,10.0,NA,10.0,10.0,10.0,10.0,10.0,10.0,NA,10.0,10.0,10.0,10.0,10.0,10.0,10.0,10.0,10.0,10.0,10.0,10.0,10.0,NA,10.0,10.0,NA,10.0,10.0,NA,10.0,10.0,10.0,NA,NA,NA,0.0,0.0,0.0,0.0,0.0,0.0,0.0,NA,0.0,0.0,NA,NA,NA,0.0,0.0,0.0,NA,0.0,0.0,0.0,NA,NA,0.0,0.0,0.0,0.0,0.0,0.0,NA,0.0,0.0,0.0,0.0,0.0,0.0,0.0,1.0
"Wheeler, Richard W.",NA,NA,NA,NA,NA,NA,NA,NA,NA,NA,NA,NA,NA,NA,NA,NA,NA,NA,NA,NA,NA,NA,NA,NA,NA,NA,NA,NA,NA,NA,NA,NA,NA,NA,NA,NA,NA,NA,NA,NA,NA,NA,NA,NA,NA,NA,NA,NA,NA,NA,NA,NA,NA,NA,NA,NA,NA,NA,NA,NA,NA,NA,NA,NA,NA,NA,NA,NA,NA,NA,NA,NA,NA,NA,NA,NA,NA,NA,NA,NA,NA,NA,NA,NA,NA,NA,NA,NA,NA,NA,NA,NA,NA,NA,NA,NA,NA,NA,NA,NA,NA,NA,NA,NA,NA,NA,NA,NA,NA,NA,NA,NA,NA,NA,NA,NA,NA,NA,NA,NA,NA,NA,NA,NA,NA,NA,NA,NA,NA,NA,NA,NA,NA
"Wiley, Larry B.",10.0,NA,NA,10.0,10.0,10.0,NA,10.0,10.0,10.0,NA,10.0,10.0,NA,NA,10.0,NA,10.0,10.0,10.0,NA,10.0,10.0,10.0,10.0,10.0,10.0,10.0,10.0,NA,10.0,10.0,10.0,10.0,10.0,10.0,10.0,10.0,10.0,10.0,10.0,10.0,NA,10.0,10.0,10.0,10.0,NA,10.0,10.0,10.0,10.0,NA,10.0,10.0,10.0,10.0,NA,10.0,10.0,10.0,10.0,NA,10.0,10.0,10.0,10.0,10.0,10.0,NA,10.0,10.0,10.0,10.0,10.0,10.0,10.0,10.0,10.0,10.0,10.0,10.0,10.0,NA,10.0,10.0,NA,10.0,10.0,NA,10.0,10.0,10.0,NA,NA,NA,0.0,0.0,0.0,0.0,0.0,1.0,0.0,NA,1.0,0.0,NA,NA,NA,0.0,0.0,0.0,NA,0.0,1.0,0.0,NA,NA,0.0,0.0,0.0,0.0,0.0,0.0,NA,0.0,0.0,0.0,0.0,0.0,0.0,0.0,0.0
"Wimmer, Carl",10.0,NA,NA,10.0,10.0,10.0,NA,10.0,10.0,10.0,NA,10.0,10.0,NA,NA,10.0,NA,10.0,10.0,10.0,NA,10.0,10.0,10.0,10.0,10.0,10.0,10.0,10.0,NA,10.0,10.0,10.0,10.0,10.0,10.0,10.0,10.0,10.0,10.0,10.0,10.0,NA,10.0,10.0,10.0,10.0,NA,10.0,10.0,10.0,10.0,NA,10.0,10.0,10.0,10.0,NA,10.0,10.0,10.0,10.0,NA,10.0,10.0,10.0,10.0,10.0,10.0,NA,10.0,10.0,10.0,10.0,10.0,10.0,10.0,10.0,10.0,10.0,10.0,10.0,10.0,NA,10.0,10.0,NA,10.0,10.0,NA,10.0,10.0,10.0,NA,NA,NA,0.0,1.0,1.0,0.0,0.0,0.0,0.0,NA,0.0,1.0,NA,NA,NA,0.0,0.0,0.0,NA,0.0,0.0,1.0,NA,NA,0.0,0.0,0.0,0.0,1.0,0.0,NA,0.0,0.0,0.0,0.0,1.0,0.0,0.0,0.0
"Winn, Bradley A.",10.0,NA,NA,10.0,10.0,10.0,NA,10.0,10.0,10.0,NA,10.0,10.0,NA,NA,10.0,NA,10.0,10.0,10.0,NA,10.0,10.0,10.0,10.0,10.0,10.0,10.0,10.0,NA,10.0,10.0,10.0,10.0,10.0,10.0,10.0,10.0,10.0,10.0,10.0,10.0,NA,10.0,10.0,10.0,10.0,NA,10.0,10.0,10.0,10.0,NA,10.0,10.0,10.0,10.0,NA,10.0,10.0,10.0,10.0,NA,10.0,10.0,10.0,10.0,10.0,10.0,NA,10.0,10.0,10.0,10.0,10.0,10.0,10.0,10.0,10.0,10.0,10.0,10.0,10.0,NA,10.0,10.0,NA,10.0,10.0,NA,10.0,10.0,10.0,NA,NA,NA,0.0,0.0,0.0,0.0,0.0,0.0,0.0,NA,0.0,0.0,NA,NA,NA,0.0,0.0,0.0,NA,0.0,0.0,0.0,NA,NA,0.0,0.0,0.0,1.0,0.0,1.0,NA,0.0,0.0,0.0,0.0,0.0,0.0,0.0,0.0
"Wyatt, Scott L",NA,NA,NA,NA,NA,NA,NA,NA,NA,NA,NA,NA,NA,NA,NA,NA,NA,NA,NA,NA,NA,NA,NA,NA,NA,NA,NA,NA,NA,NA,NA,NA,NA,NA,NA,NA,NA,NA,NA,NA,NA,NA,NA,NA,NA,NA,NA,NA,NA,NA,NA,NA,NA,NA,NA,NA,NA,NA,NA,NA,NA,NA,NA,NA,NA,NA,NA,NA,NA,NA,NA,NA,NA,NA,NA,NA,NA,NA,NA,NA,NA,NA,NA,NA,NA,NA,NA,NA,NA,NA,NA,NA,NA,NA,NA,NA,NA,NA,NA,NA,NA,NA,NA,NA,NA,NA,NA,NA,NA,NA,NA,NA,NA,NA,NA,NA,NA,NA,NA,NA,NA,NA,NA,NA,NA,NA,NA,NA,NA,NA,NA,NA,NA
"Allen, Ron",NA,NA,NA,NA,NA,NA,NA,NA,NA,NA,NA,NA,NA,NA,NA,NA,NA,NA,NA,NA,NA,NA,NA,NA,NA,NA,NA,NA,NA,NA,NA,NA,NA,NA,NA,NA,NA,NA,NA,NA,NA,NA,NA,NA,NA,NA,NA,NA,NA,NA,NA,NA,NA,NA,NA,NA,NA,NA,NA,NA,NA,NA,NA,NA,NA,NA,NA,NA,NA,NA,NA,NA,NA,NA,NA,NA,NA,NA,NA,NA,NA,NA,NA,NA,NA,NA,NA,NA,NA,NA,NA,NA,NA,NA,NA,NA,NA,NA,NA,NA,NA,NA,NA,NA,NA,NA,NA,NA,NA,NA,NA,NA,NA,NA,NA,NA,NA,NA,NA,NA,NA,NA,NA,NA,NA,NA,NA,NA,NA,NA,NA,NA,NA
"Arent, Patrice M.",NA,NA,NA,NA,NA,NA,NA,NA,NA,NA,NA,NA,NA,NA,NA,NA,NA,NA,NA,NA,NA,NA,NA,NA,NA,NA,NA,NA,NA,NA,NA,NA,NA,NA,NA,NA,NA,NA,NA,NA,NA,NA,NA,NA,NA,NA,NA,NA,NA,NA,NA,NA,NA,NA,NA,NA,NA,NA,NA,NA,NA,NA,NA,NA,NA,NA,NA,NA,NA,NA,NA,NA,NA,NA,NA,NA,NA,NA,NA,NA,NA,NA,NA,NA,NA,NA,NA,NA,NA,NA,NA,NA,NA,NA,NA,NA,NA,NA,NA,NA,NA,NA,NA,NA,NA,NA,NA,NA,NA,NA,NA,NA,NA,NA,NA,NA,NA,NA,NA,NA,NA,NA,NA,NA,NA,NA,NA,NA,NA,NA,NA,NA,NA
"Bell, Gregory S.",1.0,NA,NA,0.0,0.0,0.0,NA,0.0,0.0,0.0,NA,0.0,0.0,NA,NA,0.0,NA,0.0,0.0,0.0,NA,0.0,0.0,0.0,0.0,0.0,0.0,0.0,0.0,NA,0.0,0.0,0.0,1.0,0.0,0.0,1.0,0.0,0.0,0.0,0.0,0.0,NA,0.0,0.0,0.0,0.0,NA,0.0,0.0,0.0,0.0,NA,0.0,0.0,0.0,0.0,NA,0.0,0.0,0.0,0.0,NA,0.0,0.0,1.0,0.0,0.0,0.0,NA,0.0,1.0,0.0,0.0,0.0,0.0,0.0,0.0,0.0,0.0,0.0,0.0,0.0,NA,1.0,0.0,NA,0.0,0.0,NA,0.0,0.0,0.0,NA,NA,NA,10.0,10.0,10.0,10.0,10.0,10.0,10.0,NA,10.0,10.0,NA,NA,NA,10.0,10.0,10.0,NA,10.0,10.0,10.0,NA,NA,10.0,10.0,10.0,10.0,10.0,10.0,NA,10.0,10.0,10.0,10.0,10.0,10.0,10.0,10.0
"Bramble, Curtis S.",0.0,NA,NA,0.0,0.0,0.0,NA,1.0,0.0,0.0,NA,0.0,0.0,NA,NA,0.0,NA,1.0,0.0,0.0,NA,0.0,0.0,0.0,0.0,0.0,0.0,0.0,0.0,NA,0.0,0.0,0.0,0.0,0.0,0.0,1.0,0.0,0.0,0.0,0.0,0.0,NA,0.0,0.0,0.0,0.0,NA,0.0,0.0,0.0,0.0,NA,0.0,0.0,0.0,0.0,NA,0.0,1.0,0.0,0.0,NA,0.0,0.0,0.0,0.0,0.0,0.0,NA,0.0,0.0,0.0,0.0,0.0,0.0,0.0,0.0,0.0,0.0,0.0,0.0,0.0,NA,1.0,0.0,NA,0.0,0.0,NA,0.0,0.0,0.0,NA,NA,NA,10.0,10.0,10.0,10.0,10.0,10.0,10.0,NA,10.0,10.0,NA,NA,NA,10.0,10.0,10.0,NA,10.0,10.0,10.0,NA,NA,10.0,10.0,10.0,10.0,10.0,10.0,NA,10.0,10.0,10.0,10.0,10.0,10.0,10.0,10.0
"Buttars, D. Chris",0.0,NA,NA,0.0,0.0,0.0,NA,0.0,0.0,0.0,NA,0.0,0.0,NA,NA,0.0,NA,0.0,0.0,0.0,NA,0.0,0.0,0.0,0.0,0.0,0.0,0.0,0.0,NA,0.0,0.0,0.0,0.0,0.0,0.0,0.0,0.0,0.0,0.0,0.0,0.0,NA,0.0,0.0,0.0,0.0,NA,0.0,0.0,0.0,0.0,NA,0.0,0.0,0.0,0.0,NA,0.0,0.0,0.0,0.0,NA,0.0,0.0,0.0,0.0,0.0,0.0,NA,0.0,0.0,0.0,1.0,0.0,1.0,0.0,0.0,0.0,0.0,0.0,0.0,0.0,NA,0.0,0.0,NA,0.0,0.0,NA,0.0,1.0,0.0,NA,NA,NA,10.0,10.0,10.0,10.0,10.0,10.0,10.0,NA,10.0,10.0,NA,NA,NA,10.0,10.0,10.0,NA,10.0,10.0,10.0,NA,NA,10.0,10.0,10.0,10.0,10.0,10.0,NA,10.0,10.0,10.0,10.0,10.0,10.0,10.0,10.0
"Christensen, Allen M.",0.0,NA,NA,0.0,0.0,0.0,NA,0.0,0.0,0.0,NA,0.0,0.0,NA,NA,0.0,NA,0.0,0.0,0.0,NA,0.0,0.0,0.0,0.0,0.0,0.0,0.0,1.0,NA,0.0,0.0,0.0,0.0,0.0,0.0,0.0,1.0,0.0,0.0,0.0,0.0,NA,0.0,0.0,0.0,0.0,NA,0.0,0.0,0.0,0.0,NA,0.0,0.0,0.0,1.0,NA,1.0,0.0,1.0,1.0,NA,0.0,0.0,0.0,0.0,0.0,0.0,NA,0.0,0.0,0.0,1.0,0.0,0.0,0.0,1.0,0.0,0.0,0.0,0.0,0.0,NA,0.0,0.0,NA,0.0,0.0,NA,0.0,1.0,0.0,NA,NA,NA,10.0,10.0,10.0,10.0,10.0,10.0,10.0,NA,10.0,10.0,NA,NA,NA,10.0,10.0,10.0,NA,10.0,10.0,10.0,NA,NA,10.0,10.0,10.0,10.0,10.0,10.0,NA,10.0,10.0,10.0,10.0,10.0,10.0,10.0,10.0
"Davis, Gene",0.0,NA,NA,0.0,0.0,0.0,NA,0.0,0.0,0.0,NA,0.0,0.0,NA,NA,0.0,NA,0.0,0.0,0.0,NA,0.0,0.0,0.0,0.0,0.0,0.0,0.0,1.0,NA,0.0,0.0,0.0,0.0,0.0,0.0,1.0,0.0,0.0,0.0,0.0,0.0,NA,1.0,0.0,1.0,0.0,NA,0.0,0.0,0.0,0.0,NA,0.0,0.0,0.0,0.0,NA,0.0,0.0,0.0,0.0,NA,0.0,0.0,0.0,0.0,0.0,0.0,NA,0.0,0.0,0.0,0.0,0.0,0.0,0.0,0.0,0.0,0.0,0.0,0.0,0.0,NA,0.0,0.0,NA,0.0,0.0,NA,0.0,0.0,0.0,NA,NA,NA,10.0,10.0,10.0,10.0,10.0,10.0,10.0,NA,10.0,10.0,NA,NA,NA,10.0,10.0,10.0,NA,10.0,10.0,10.0,NA,NA,10.0,10.0,10.0,10.0,10.0,10.0,NA,10.0,10.0,10.0,10.0,10.0,10.0,10.0,10.0
"Dmitrich, Mike",0.0,NA,NA,0.0,0.0,0.0,NA,0.0,0.0,0.0,NA,0.0,1.0,NA,NA,0.0,NA,0.0,0.0,0.0,NA,0.0,0.0,0.0,0.0,0.0,0.0,0.0,0.0,NA,0.0,0.0,0.0,0.0,0.0,0.0,0.0,0.0,0.0,0.0,0.0,0.0,NA,0.0,0.0,0.0,0.0,NA,0.0,0.0,0.0,0.0,NA,0.0,1.0,0.0,0.0,NA,0.0,0.0,0.0,0.0,NA,0.0,1.0,0.0,0.0,0.0,0.0,NA,0.0,0.0,0.0,0.0,0.0,0.0,0.0,0.0,0.0,0.0,0.0,0.0,0.0,NA,0.0,0.0,NA,0.0,0.0,NA,0.0,0.0,0.0,NA,NA,NA,10.0,10.0,10.0,10.0,10.0,10.0,10.0,NA,10.0,10.0,NA,NA,NA,10.0,10.0,10.0,NA,10.0,10.0,10.0,NA,NA,10.0,10.0,10.0,10.0,10.0,10.0,NA,10.0,10.0,10.0,10.0,10.0,10.0,10.0,10.0
"Eastman, Dan R.",0.0,NA,NA,0.0,0.0,0.0,NA,0.0,0.0,0.0,NA,0.0,0.0,NA,NA,0.0,NA,0.0,0.0,0.0,NA,0.0,0.0,0.0,0.0,1.0,0.0,0.0,0.0,NA,0.0,0.0,0.0,0.0,0.0,0.0,0.0,0.0,0.0,0.0,0.0,0.0,NA,0.0,0.0,0.0,0.0,NA,0.0,0.0,0.0,0.0,NA,0.0,0.0,1.0,0.0,NA,0.0,0.0,0.0,0.0,NA,0.0,0.0,0.0,0.0,0.0,0.0,NA,0.0,0.0,0.0,0.0,1.0,0.0,0.0,1.0,0.0,0.0,0.0,0.0,1.0,NA,1.0,0.0,NA,0.0,0.0,NA,0.0,0.0,0.0,NA,NA,NA,10.0,10.0,10.0,10.0,10.0,10.0,10.0,NA,10.0,10.0,NA,NA,NA,10.0,10.0,10.0,NA,10.0,10.0,10.0,NA,NA,10.0,10.0,10.0,10.0,10.0,10.0,NA,10.0,10.0,10.0,10.0,10.0,10.0,10.0,10.0
"Evans, Beverly Ann",NA,NA,NA,NA,NA,NA,NA,NA,NA,NA,NA,NA,NA,NA,NA,NA,NA,NA,NA,NA,NA,NA,NA,NA,NA,NA,NA,NA,NA,NA,NA,NA,NA,NA,NA,NA,NA,NA,NA,NA,NA,NA,NA,NA,NA,NA,NA,NA,NA,NA,NA,NA,NA,NA,NA,NA,NA,NA,NA,NA,NA,NA,NA,NA,NA,NA,NA,NA,NA,NA,NA,NA,NA,NA,NA,NA,NA,NA,NA,NA,NA,NA,NA,NA,NA,NA,NA,NA,NA,NA,NA,NA,NA,NA,NA,NA,NA,NA,NA,NA,NA,NA,NA,NA,NA,NA,NA,NA,NA,NA,NA,NA,NA,NA,NA,NA,NA,NA,NA,NA,NA,NA,NA,NA,NA,NA,NA,NA,NA,NA,NA,NA,NA
"Fife, Fred J.",0.0,NA,NA,0.0,0.0,0.0,NA,0.0,0.0,0.0,NA,0.0,0.0,NA,NA,0.0,NA,0.0,0.0,0.0,NA,0.0,0.0,0.0,0.0,0.0,0.0,1.0,0.0,NA,0.0,0.0,0.0,0.0,0.0,0.0,0.0,0.0,0.0,0.0,0.0,0.0,NA,0.0,0.0,0.0,0.0,NA,0.0,0.0,0.0,0.0,NA,0.0,0.0,0.0,0.0,NA,0.0,0.0,0.0,0.0,NA,0.0,0.0,0.0,0.0,0.0,0.0,NA,0.0,0.0,0.0,0.0,0.0,0.0,0.0,0.0,0.0,0.0,0.0,0.0,0.0,NA,0.0,0.0,NA,0.0,0.0,NA,0.0,0.0,1.0,NA,NA,NA,10.0,10.0,10.0,10.0,10.0,10.0,10.0,NA,10.0,10.0,NA,NA,NA,10.0,10.0,10.0,NA,10.0,10.0,10.0,NA,NA,10.0,10.0,10.0,10.0,10.0,10.0,NA,10.0,10.0,10.0,10.0,10.0,10.0,10.0,10.0
"Greiner, Jon J.",0.0,NA,NA,0.0,0.0,0.0,NA,1.0,0.0,0.0,NA,0.0,0.0,NA,NA,0.0,NA,0.0,0.0,0.0,NA,0.0,0.0,1.0,0.0,0.0,0.0,0.0,0.0,NA,0.0,0.0,0.0,0.0,0.0,0.0,0.0,0.0,0.0,1.0,0.0,0.0,NA,0.0,0.0,0.0,0.0,NA,0.0,0.0,0.0,0.0,NA,0.0,0.0,0.0,0.0,NA,0.0,0.0,0.0,0.0,NA,0.0,0.0,0.0,0.0,0.0,0.0,NA,0.0,0.0,0.0,1.0,0.0,1.0,0.0,0.0,0.0,0.0,0.0,0.0,0.0,NA,1.0,0.0,NA,0.0,0.0,NA,0.0,1.0,0.0,NA,NA,NA,10.0,10.0,10.0,10.0,10.0,10.0,10.0,NA,10.0,10.0,NA,NA,NA,10.0,10.0,10.0,NA,10.0,10.0,10.0,NA,NA,10.0,10.0,10.0,10.0,10.0,10.0,NA,10.0,10.0,10.0,10.0,10.0,10.0,10.0,10.0
"Hale, Karen",NA,NA,NA,NA,NA,NA,NA,NA,NA,NA,NA,NA,NA,NA,NA,NA,NA,NA,NA,NA,NA,NA,NA,NA,NA,NA,NA,NA,NA,NA,NA,NA,NA,NA,NA,NA,NA,NA,NA,NA,NA,NA,NA,NA,NA,NA,NA,NA,NA,NA,NA,NA,NA,NA,NA,NA,NA,NA,NA,NA,NA,NA,NA,NA,NA,NA,NA,NA,NA,NA,NA,NA,NA,NA,NA,NA,NA,NA,NA,NA,NA,NA,NA,NA,NA,NA,NA,NA,NA,NA,NA,NA,NA,NA,NA,NA,NA,NA,NA,NA,NA,NA,NA,NA,NA,NA,NA,NA,NA,NA,NA,NA,NA,NA,NA,NA,NA,NA,NA,NA,NA,NA,NA,NA,NA,NA,NA,NA,NA,NA,NA,NA,NA
"Hatch, Thomas V.",NA,NA,NA,NA,NA,NA,NA,NA,NA,NA,NA,NA,NA,NA,NA,NA,NA,NA,NA,NA,NA,NA,NA,NA,NA,NA,NA,NA,NA,NA,NA,NA,NA,NA,NA,NA,NA,NA,NA,NA,NA,NA,NA,NA,NA,NA,NA,NA,NA,NA,NA,NA,NA,NA,NA,NA,NA,NA,NA,NA,NA,NA,NA,NA,NA,NA,NA,NA,NA,NA,NA,NA,NA,NA,NA,NA,NA,NA,NA,NA,NA,NA,NA,NA,NA,NA,NA,NA,NA,NA,NA,NA,NA,NA,NA,NA,NA,NA,NA,NA,NA,NA,NA,NA,NA,NA,NA,NA,NA,NA,NA,NA,NA,NA,NA,NA,NA,NA,NA,NA,NA,NA,NA,NA,NA,NA,NA,NA,NA,NA,NA,NA,NA
"Hellewell, Parley G.",NA,NA,NA,NA,NA,NA,NA,NA,NA,NA,NA,NA,NA,NA,NA,NA,NA,NA,NA,NA,NA,NA,NA,NA,NA,NA,NA,NA,NA,NA,NA,NA,NA,NA,NA,NA,NA,NA,NA,NA,NA,NA,NA,NA,NA,NA,NA,NA,NA,NA,NA,NA,NA,NA,NA,NA,NA,NA,NA,NA,NA,NA,NA,NA,NA,NA,NA,NA,NA,NA,NA,NA,NA,NA,NA,NA,NA,NA,NA,NA,NA,NA,NA,NA,NA,NA,NA,NA,NA,NA,NA,NA,NA,NA,NA,NA,NA,NA,NA,NA,NA,NA,NA,NA,NA,NA,NA,NA,NA,NA,NA,NA,NA,NA,NA,NA,NA,NA,NA,NA,NA,NA,NA,NA,NA,NA,NA,NA,NA,NA,NA,NA,NA
"Hickman, John W.",0.0,NA,NA,0.0,0.0,0.0,NA,0.0,0.0,0.0,NA,0.0,0.0,NA,NA,0.0,NA,1.0,0.0,0.0,NA,0.0,0.0,0.0,0.0,0.0,0.0,0.0,0.0,NA,1.0,0.0,0.0,0.0,0.0,0.0,0.0,0.0,0.0,0.0,0.0,0.0,NA,1.0,0.0,0.0,0.0,NA,0.0,0.0,0.0,0.0,NA,0.0,0.0,0.0,1.0,NA,0.0,0.0,0.0,0.0,NA,0.0,0.0,0.0,0.0,0.0,0.0,NA,0.0,0.0,1.0,0.0,0.0,0.0,0.0,0.0,0.0,0.0,0.0,0.0,0.0,NA,1.0,0.0,NA,0.0,0.0,NA,0.0,0.0,0.0,NA,NA,NA,10.0,10.0,10.0,10.0,10.0,10.0,10.0,NA,10.0,10.0,NA,NA,NA,10.0,10.0,10.0,NA,10.0,10.0,10.0,NA,NA,10.0,10.0,10.0,10.0,10.0,10.0,NA,10.0,10.0,10.0,10.0,10.0,10.0,10.0,10.0
"Hillyard, Lyle W.",0.0,NA,NA,0.0,0.0,1.0,NA,1.0,0.0,0.0,NA,0.0,0.0,NA,NA,0.0,NA,0.0,0.0,0.0,NA,0.0,0.0,0.0,0.0,0.0,1.0,0.0,0.0,NA,1.0,0.0,0.0,1.0,0.0,0.0,1.0,0.0,0.0,0.0,0.0,0.0,NA,0.0,0.0,0.0,0.0,NA,0.0,0.0,1.0,0.0,NA,0.0,0.0,0.0,0.0,NA,0.0,0.0,0.0,0.0,NA,0.0,1.0,0.0,0.0,0.0,0.0,NA,0.0,0.0,0.0,0.0,0.0,0.0,0.0,0.0,0.0,0.0,0.0,0.0,0.0,NA,1.0,1.0,NA,1.0,0.0,NA,0.0,0.0,0.0,NA,NA,NA,10.0,10.0,10.0,10.0,10.0,10.0,10.0,NA,10.0,10.0,NA,NA,NA,10.0,10.0,10.0,NA,10.0,10.0,10.0,NA,NA,10.0,10.0,10.0,10.0,10.0,10.0,NA,10.0,10.0,10.0,10.0,10.0,10.0,10.0,10.0
"Jenkins, Scott K.",0.0,NA,NA,0.0,0.0,0.0,NA,0.0,0.0,0.0,NA,0.0,0.0,NA,NA,0.0,NA,1.0,0.0,0.0,NA,0.0,0.0,0.0,0.0,0.0,0.0,0.0,0.0,NA,1.0,0.0,0.0,0.0,0.0,0.0,1.0,1.0,0.0,1.0,0.0,0.0,NA,0.0,0.0,0.0,0.0,NA,0.0,0.0,0.0,0.0,NA,0.0,0.0,0.0,0.0,NA,0.0,0.0,0.0,0.0,NA,0.0,0.0,0.0,0.0,0.0,0.0,NA,0.0,0.0,1.0,1.0,0.0,0.0,0.0,0.0,0.0,0.0,0.0,0.0,0.0,NA,0.0,0.0,NA,0.0,0.0,NA,0.0,0.0,0.0,NA,NA,NA,10.0,10.0,10.0,10.0,10.0,10.0,10.0,NA,10.0,10.0,NA,NA,NA,10.0,10.0,10.0,NA,10.0,10.0,10.0,NA,NA,10.0,10.0,10.0,10.0,10.0,10.0,NA,10.0,10.0,10.0,10.0,10.0,10.0,10.0,10.0
"Julander, Paula F.",NA,NA,NA,NA,NA,NA,NA,NA,NA,NA,NA,NA,NA,NA,NA,NA,NA,NA,NA,NA,NA,NA,NA,NA,NA,NA,NA,NA,NA,NA,NA,NA,NA,NA,NA,NA,NA,NA,NA,NA,NA,NA,NA,NA,NA,NA,NA,NA,NA,NA,NA,NA,NA,NA,NA,NA,NA,NA,NA,NA,NA,NA,NA,NA,NA,NA,NA,NA,NA,NA,NA,NA,NA,NA,NA,NA,NA,NA,NA,NA,NA,NA,NA,NA,NA,NA,NA,NA,NA,NA,NA,NA,NA,NA,NA,NA,NA,NA,NA,NA,NA,NA,NA,NA,NA,NA,NA,NA,NA,NA,NA,NA,NA,NA,NA,NA,NA,NA,NA,NA,NA,NA,NA,NA,NA,NA,NA,NA,NA,NA,NA,NA,NA
"Killpack, Sheldon L.",0.0,NA,NA,0.0,0.0,0.0,NA,0.0,0.0,0.0,NA,0.0,0.0,NA,NA,0.0,NA,0.0,0.0,0.0,NA,0.0,0.0,1.0,0.0,1.0,0.0,0.0,0.0,NA,0.0,0.0,0.0,0.0,0.0,0.0,1.0,0.0,0.0,0.0,0.0,0.0,NA,1.0,0.0,0.0,0.0,NA,0.0,1.0,0.0,0.0,NA,0.0,0.0,0.0,0.0,NA,0.0,0.0,0.0,0.0,NA,0.0,0.0,0.0,0.0,0.0,0.0,NA,0.0,0.0,0.0,0.0,0.0,1.0,0.0,0.0,0.0,0.0,0.0,0.0,0.0,NA,1.0,0.0,NA,0.0,0.0,NA,0.0,0.0,0.0,NA,NA,NA,10.0,10.0,10.0,10.0,10.0,10.0,10.0,NA,10.0,10.0,NA,NA,NA,10.0,10.0,10.0,NA,10.0,10.0,10.0,NA,NA,10.0,10.0,10.0,10.0,10.0,10.0,NA,10.0,10.0,10.0,10.0,10.0,10.0,10.0,10.0
"Knudson, Peter C.",1.0,NA,NA,0.0,0.0,0.0,NA,0.0,0.0,0.0,NA,0.0,0.0,NA,NA,0.0,NA,0.0,0.0,0.0,NA,0.0,0.0,1.0,1.0,0.0,0.0,0.0,0.0,NA,0.0,0.0,0.0,0.0,0.0,0.0,0.0,0.0,0.0,0.0,0.0,0.0,NA,1.0,0.0,0.0,0.0,NA,0.0,0.0,0.0,1.0,NA,0.0,0.0,0.0,1.0,NA,0.0,0.0,0.0,0.0,NA,0.0,0.0,0.0,0.0,0.0,0.0,NA,0.0,0.0,0.0,0.0,0.0,0.0,0.0,0.0,0.0,0.0,0.0,0.0,0.0,NA,0.0,0.0,NA,0.0,0.0,NA,0.0,0.0,0.0,NA,NA,NA,10.0,10.0,10.0,10.0,10.0,10.0,10.0,NA,10.0,10.0,NA,NA,NA,10.0,10.0,10.0,NA,10.0,10.0,10.0,NA,NA,10.0,10.0,10.0,10.0,10.0,10.0,NA,10.0,10.0,10.0,10.0,10.0,10.0,10.0,10.0
"Madsen, Mark B.",0.0,NA,NA,1.0,0.0,0.0,NA,0.0,0.0,0.0,NA,0.0,0.0,NA,NA,0.0,NA,0.0,0.0,0.0,NA,0.0,0.0,0.0,0.0,0.0,0.0,0.0,1.0,NA,0.0,0.0,0.0,0.0,1.0,0.0,0.0,0.0,0.0,0.0,0.0,0.0,NA,0.0,0.0,0.0,0.0,NA,0.0,0.0,0.0,0.0,NA,0.0,0.0,0.0,0.0,NA,0.0,0.0,0.0,0.0,NA,0.0,0.0,0.0,0.0,1.0,0.0,NA,0.0,0.0,0.0,1.0,0.0,0.0,0.0,0.0,0.0,0.0,0.0,0.0,1.0,NA,0.0,0.0,NA,0.0,0.0,NA,0.0,1.0,0.0,NA,NA,NA,10.0,10.0,10.0,10.0,10.0,10.0,10.0,NA,10.0,10.0,NA,NA,NA,10.0,10.0,10.0,NA,10.0,10.0,10.0,NA,NA,10.0,10.0,10.0,10.0,10.0,10.0,NA,10.0,10.0,10.0,10.0,10.0,10.0,10.0,10.0
"Mansell, L. Alma",NA,NA,NA,NA,NA,NA,NA,NA,NA,NA,NA,NA,NA,NA,NA,NA,NA,NA,NA,NA,NA,NA,NA,NA,NA,NA,NA,NA,NA,NA,NA,NA,NA,NA,NA,NA,NA,NA,NA,NA,NA,NA,NA,NA,NA,NA,NA,NA,NA,NA,NA,NA,NA,NA,NA,NA,NA,NA,NA,NA,NA,NA,NA,NA,NA,NA,NA,NA,NA,NA,NA,NA,NA,NA,NA,NA,NA,NA,NA,NA,NA,NA,NA,NA,NA,NA,NA,NA,NA,NA,NA,NA,NA,NA,NA,NA,NA,NA,NA,NA,NA,NA,NA,NA,NA,NA,NA,NA,NA,NA,NA,NA,NA,NA,NA,NA,NA,NA,NA,NA,NA,NA,NA,NA,NA,NA,NA,NA,NA,NA,NA,NA,NA
"Mayne, Ed",NA,NA,NA,NA,NA,NA,NA,NA,NA,NA,NA,NA,NA,NA,NA,NA,NA,NA,NA,NA,NA,NA,NA,NA,NA,NA,NA,NA,NA,NA,NA,NA,NA,NA,NA,NA,NA,NA,NA,NA,NA,NA,NA,NA,NA,NA,NA,NA,NA,NA,NA,NA,NA,NA,NA,NA,NA,NA,NA,NA,NA,NA,NA,NA,NA,NA,NA,NA,NA,NA,NA,NA,NA,NA,NA,NA,NA,NA,NA,NA,NA,NA,NA,NA,NA,NA,NA,NA,NA,NA,NA,NA,NA,NA,NA,NA,NA,NA,NA,NA,NA,NA,NA,NA,NA,NA,NA,NA,NA,NA,NA,NA,NA,NA,NA,NA,NA,NA,NA,NA,NA,NA,NA,NA,NA,NA,NA,NA,NA,NA,NA,NA,NA
"Mayne, Karen",0.0,NA,NA,0.0,0.0,0.0,NA,0.0,0.0,0.0,NA,0.0,0.0,NA,NA,0.0,NA,0.0,0.0,0.0,NA,0.0,0.0,0.0,0.0,0.0,0.0,0.0,0.0,NA,0.0,0.0,0.0,0.0,0.0,0.0,0.0,0.0,0.0,0.0,0.0,0.0,NA,0.0,0.0,0.0,0.0,NA,1.0,1.0,0.0,0.0,NA,0.0,0.0,0.0,0.0,NA,0.0,0.0,0.0,0.0,NA,0.0,0.0,0.0,0.0,0.0,0.0,NA,0.0,0.0,0.0,0.0,0.0,0.0,0.0,0.0,0.0,0.0,0.0,0.0,0.0,NA,0.0,0.0,NA,0.0,0.0,NA,0.0,0.0,0.0,NA,NA,NA,10.0,10.0,10.0,10.0,10.0,10.0,10.0,NA,10.0,10.0,NA,NA,NA,10.0,10.0,10.0,NA,10.0,10.0,10.0,NA,NA,10.0,10.0,10.0,10.0,10.0,10.0,NA,10.0,10.0,10.0,10.0,10.0,10.0,10.0,10.0
"McCoy, Scott D.",1.0,NA,NA,0.0,0.0,0.0,NA,0.0,0.0,0.0,NA,0.0,0.0,NA,NA,0.0,NA,0.0,0.0,0.0,NA,0.0,0.0,0.0,0.0,0.0,0.0,0.0,0.0,NA,0.0,0.0,0.0,0.0,0.0,0.0,0.0,0.0,0.0,0.0,0.0,0.0,NA,0.0,0.0,0.0,0.0,NA,0.0,1.0,0.0,0.0,NA,0.0,0.0,0.0,0.0,NA,0.0,0.0,0.0,0.0,NA,0.0,1.0,1.0,0.0,0.0,0.0,NA,0.0,0.0,0.0,1.0,0.0,1.0,0.0,0.0,0.0,0.0,0.0,0.0,0.0,NA,0.0,0.0,NA,0.0,0.0,NA,0.0,0.0,0.0,NA,NA,NA,10.0,10.0,10.0,10.0,10.0,10.0,10.0,NA,10.0,10.0,NA,NA,NA,10.0,10.0,10.0,NA,10.0,10.0,10.0,NA,NA,10.0,10.0,10.0,10.0,10.0,10.0,NA,10.0,10.0,10.0,10.0,10.0,10.0,10.0,10.0
"Niederhauser, Wayne L.",0.0,NA,NA,0.0,0.0,0.0,NA,0.0,0.0,0.0,NA,0.0,0.0,NA,NA,0.0,NA,1.0,0.0,0.0,NA,0.0,0.0,0.0,0.0,1.0,0.0,0.0,0.0,NA,0.0,0.0,0.0,0.0,0.0,0.0,1.0,0.0,0.0,0.0,0.0,0.0,NA,0.0,0.0,0.0,0.0,NA,0.0,1.0,0.0,0.0,NA,0.0,0.0,0.0,0.0,NA,0.0,0.0,0.0,0.0,NA,0.0,0.0,0.0,0.0,1.0,0.0,NA,0.0,0.0,0.0,0.0,0.0,0.0,0.0,0.0,0.0,0.0,0.0,0.0,0.0,NA,0.0,0.0,NA,0.0,0.0,NA,0.0,0.0,0.0,NA,NA,NA,10.0,10.0,10.0,10.0,10.0,10.0,10.0,NA,10.0,10.0,NA,NA,NA,10.0,10.0,10.0,NA,10.0,10.0,10.0,NA,NA,10.0,10.0,10.0,10.0,10.0,10.0,NA,10.0,10.0,10.0,10.0,10.0,10.0,10.0,10.0
"Peterson, Darin G.",0.0,NA,NA,0.0,0.0,0.0,NA,0.0,0.0,0.0,NA,0.0,0.0,NA,NA,0.0,NA,0.0,0.0,0.0,NA,0.0,0.0,0.0,0.0,0.0,0.0,0.0,0.0,NA,0.0,0.0,0.0,0.0,0.0,0.0,0.0,0.0,1.0,0.0,0.0,0.0,NA,0.0,0.0,0.0,0.0,NA,0.0,0.0,0.0,0.0,NA,0.0,0.0,0.0,0.0,NA,0.0,0.0,0.0,0.0,NA,0.0,0.0,0.0,0.0,0.0,0.0,NA,0.0,0.0,0.0,0.0,1.0,1.0,0.0,0.0,0.0,0.0,0.0,0.0,0.0,NA,0.0,0.0,NA,0.0,0.0,NA,0.0,0.0,1.0,NA,NA,NA,10.0,10.0,10.0,10.0,10.0,10.0,10.0,NA,10.0,10.0,NA,NA,NA,10.0,10.0,10.0,NA,10.0,10.0,10.0,NA,NA,10.0,10.0,10.0,10.0,10.0,10.0,NA,10.0,10.0,10.0,10.0,10.0,10.0,10.0,10.0
"Stephenson, Howard A.",0.0,NA,NA,0.0,0.0,0.0,NA,0.0,0.0,0.0,NA,0.0,1.0,NA,NA,0.0,NA,0.0,0.0,0.0,NA,0.0,0.0,0.0,0.0,1.0,0.0,0.0,0.0,NA,1.0,0.0,0.0,0.0,1.0,0.0,0.0,0.0,0.0,0.0,0.0,0.0,NA,1.0,0.0,0.0,0.0,NA,0.0,1.0,0.0,0.0,NA,0.0,0.0,0.0,1.0,NA,0.0,0.0,0.0,0.0,NA,0.0,0.0,0.0,0.0,0.0,0.0,NA,0.0,1.0,0.0,0.0,0.0,0.0,0.0,0.0,0.0,0.0,0.0,0.0,0.0,NA,0.0,0.0,NA,0.0,0.0,NA,0.0,0.0,0.0,NA,NA,NA,10.0,10.0,10.0,10.0,10.0,10.0,10.0,NA,10.0,10.0,NA,NA,NA,10.0,10.0,10.0,NA,10.0,10.0,10.0,NA,NA,10.0,10.0,10.0,10.0,10.0,10.0,NA,10.0,10.0,10.0,10.0,10.0,10.0,10.0,10.0
"Stowell, Dennis E.",0.0,NA,NA,0.0,1.0,1.0,NA,0.0,0.0,0.0,NA,0.0,1.0,NA,NA,0.0,NA,1.0,0.0,0.0,NA,0.0,0.0,0.0,0.0,0.0,0.0,0.0,0.0,NA,0.0,0.0,0.0,0.0,0.0,0.0,0.0,0.0,1.0,0.0,0.0,0.0,NA,0.0,0.0,0.0,0.0,NA,1.0,0.0,1.0,0.0,NA,0.0,0.0,0.0,0.0,NA,0.0,1.0,0.0,0.0,NA,0.0,0.0,0.0,0.0,0.0,0.0,NA,0.0,0.0,1.0,0.0,0.0,0.0,0.0,0.0,0.0,0.0,0.0,0.0,0.0,NA,1.0,0.0,NA,0.0,0.0,NA,0.0,0.0,1.0,NA,NA,NA,10.0,10.0,10.0,10.0,10.0,10.0,10.0,NA,10.0,10.0,NA,NA,NA,10.0,10.0,10.0,NA,10.0,10.0,10.0,NA,NA,10.0,10.0,10.0,10.0,10.0,10.0,NA,10.0,10.0,10.0,10.0,10.0,10.0,10.0,10.0
"Thomas, David L.",NA,NA,NA,NA,NA,NA,NA,NA,NA,NA,NA,NA,NA,NA,NA,NA,NA,NA,NA,NA,NA,NA,NA,NA,NA,NA,NA,NA,NA,NA,NA,NA,NA,NA,NA,NA,NA,NA,NA,NA,NA,NA,NA,NA,NA,NA,NA,NA,NA,NA,NA,NA,NA,NA,NA,NA,NA,NA,NA,NA,NA,NA,NA,NA,NA,NA,NA,NA,NA,NA,NA,NA,NA,NA,NA,NA,NA,NA,NA,NA,NA,NA,NA,NA,NA,NA,NA,NA,NA,NA,NA,NA,NA,NA,NA,NA,NA,NA,NA,NA,NA,NA,NA,NA,NA,NA,NA,NA,NA,NA,NA,NA,NA,NA,NA,NA,NA,NA,NA,NA,NA,NA,NA,NA,NA,NA,NA,NA,NA,NA,NA,NA,NA
"Valentine, John L.",0.0,NA,NA,0.0,0.0,0.0,NA,0.0,0.0,0.0,NA,0.0,0.0,NA,NA,0.0,NA,0.0,0.0,0.0,NA,1.0,0.0,0.0,0.0,1.0,0.0,0.0,0.0,NA,0.0,0.0,0.0,0.0,0.0,0.0,0.0,0.0,0.0,0.0,0.0,0.0,NA,0.0,0.0,0.0,0.0,NA,0.0,0.0,0.0,0.0,NA,0.0,0.0,0.0,0.0,NA,0.0,0.0,0.0,0.0,NA,0.0,0.0,0.0,0.0,0.0,0.0,NA,0.0,0.0,0.0,0.0,0.0,0.0,0.0,0.0,0.0,0.0,0.0,0.0,0.0,NA,0.0,0.0,NA,0.0,0.0,NA,0.0,0.0,0.0,NA,NA,NA,10.0,10.0,10.0,10.0,10.0,10.0,10.0,NA,10.0,10.0,NA,NA,NA,10.0,10.0,10.0,NA,10.0,10.0,10.0,NA,NA,10.0,10.0,10.0,10.0,10.0,10.0,NA,10.0,10.0,10.0,10.0,10.0,10.0,10.0,10.0
"Van Tassell, Kevin T.",1.0,NA,NA,0.0,0.0,1.0,NA,0.0,0.0,0.0,NA,1.0,1.0,NA,NA,0.0,NA,0.0,0.0,0.0,NA,0.0,0.0,0.0,0.0,0.0,0.0,0.0,0.0,NA,0.0,0.0,0.0,0.0,0.0,0.0,0.0,0.0,0.0,0.0,0.0,0.0,NA,0.0,0.0,0.0,0.0,NA,0.0,0.0,0.0,0.0,NA,0.0,0.0,1.0,0.0,NA,1.0,0.0,0.0,1.0,NA,0.0,0.0,0.0,0.0,0.0,0.0,NA,0.0,0.0,0.0,0.0,0.0,0.0,0.0,0.0,0.0,0.0,0.0,0.0,0.0,NA,0.0,0.0,NA,0.0,0.0,NA,0.0,0.0,0.0,NA,NA,NA,10.0,10.0,10.0,10.0,10.0,10.0,10.0,NA,10.0,10.0,NA,NA,NA,10.0,10.0,10.0,NA,10.0,10.0,10.0,NA,NA,10.0,10.0,10.0,10.0,10.0,10.0,NA,10.0,10.0,10.0,10.0,10.0,10.0,10.0,10.0
"Waddoups, Michael G.",0.0,NA,NA,0.0,0.0,0.0,NA,0.0,0.0,0.0,NA,0.0,0.0,NA,NA,0.0,NA,0.0,0.0,0.0,NA,0.0,0.0,0.0,0.0,0.0,0.0,0.0,1.0,NA,0.0,0.0,0.0,0.0,0.0,1.0,1.0,0.0,0.0,0.0,0.0,0.0,NA,0.0,0.0,0.0,0.0,NA,0.0,0.0,0.0,0.0,NA,0.0,0.0,0.0,0.0,NA,0.0,0.0,0.0,0.0,NA,0.0,1.0,0.0,0.0,0.0,0.0,NA,1.0,0.0,0.0,0.0,0.0,0.0,0.0,0.0,0.0,0.0,0.0,0.0,0.0,NA,1.0,0.0,NA,0.0,0.0,NA,0.0,1.0,0.0,NA,NA,NA,10.0,10.0,10.0,10.0,10.0,10.0,10.0,NA,10.0,10.0,NA,NA,NA,10.0,10.0,10.0,NA,10.0,10.0,10.0,NA,NA,10.0,10.0,10.0,10.0,10.0,10.0,NA,10.0,10.0,10.0,10.0,10.0,10.0,10.0,10.0
"Walker, Carlene M.",0.0,NA,NA,0.0,0.0,0.0,NA,0.0,0.0,0.0,NA,0.0,0.0,NA,NA,0.0,NA,0.0,0.0,0.0,NA,0.0,0.0,0.0,0.0,1.0,0.0,0.0,0.0,NA,0.0,0.0,0.0,0.0,0.0,0.0,0.0,0.0,0.0,0.0,0.0,0.0,NA,0.0,0.0,0.0,0.0,NA,0.0,1.0,0.0,1.0,NA,0.0,0.0,0.0,0.0,NA,0.0,0.0,0.0,0.0,NA,0.0,0.0,0.0,0.0,0.0,0.0,NA,0.0,0.0,0.0,0.0,0.0,1.0,0.0,0.0,0.0,0.0,0.0,0.0,1.0,NA,0.0,0.0,NA,0.0,0.0,NA,0.0,0.0,0.0,NA,NA,NA,10.0,10.0,10.0,10.0,10.0,10.0,10.0,NA,10.0,10.0,NA,NA,NA,10.0,10.0,10.0,NA,10.0,10.0,10.0,NA,NA,10.0,10.0,10.0,10.0,10.0,10.0,NA,10.0,10.0,10.0,10.0,10.0,10.0,10.0,10.0
"Dayton, Margaret",0.0,NA,NA,0.0,0.0,0.0,NA,0.0,0.0,0.0,NA,0.0,0.0,NA,NA,0.0,NA,0.0,0.0,0.0,NA,0.0,0.0,0.0,0.0,0.0,0.0,1.0,0.0,NA,0.0,0.0,0.0,0.0,0.0,0.0,0.0,0.0,0.0,0.0,0.0,0.0,NA,0.0,0.0,0.0,1.0,NA,0.0,1.0,0.0,0.0,NA,0.0,0.0,0.0,1.0,NA,0.0,0.0,0.0,0.0,NA,0.0,0.0,0.0,0.0,0.0,0.0,NA,0.0,0.0,1.0,0.0,0.0,0.0,0.0,0.0,0.0,0.0,0.0,0.0,0.0,NA,1.0,0.0,NA,0.0,0.0,NA,0.0,1.0,0.0,NA,NA,NA,10.0,10.0,10.0,10.0,10.0,10.0,10.0,NA,10.0,10.0,NA,NA,NA,10.0,10.0,10.0,NA,10.0,10.0,10.0,NA,NA,10.0,10.0,10.0,10.0,10.0,10.0,NA,10.0,10.0,10.0,10.0,10.0,10.0,10.0,10.0
"Goodfellow, Brent H.",0.0,NA,NA,0.0,0.0,0.0,NA,0.0,0.0,0.0,NA,0.0,0.0,NA,NA,0.0,NA,1.0,0.0,0.0,NA,0.0,0.0,0.0,0.0,0.0,0.0,0.0,0.0,NA,0.0,0.0,0.0,0.0,0.0,0.0,1.0,0.0,1.0,0.0,0.0,0.0,NA,0.0,0.0,1.0,0.0,NA,0.0,0.0,0.0,0.0,NA,0.0,0.0,0.0,0.0,NA,0.0,0.0,0.0,0.0,NA,0.0,0.0,0.0,0.0,0.0,0.0,NA,0.0,0.0,0.0,0.0,0.0,0.0,0.0,0.0,0.0,0.0,0.0,0.0,0.0,NA,0.0,0.0,NA,0.0,0.0,NA,0.0,0.0,0.0,NA,NA,NA,10.0,10.0,10.0,10.0,10.0,10.0,10.0,NA,10.0,10.0,NA,NA,NA,10.0,10.0,10.0,NA,10.0,10.0,10.0,NA,NA,10.0,10.0,10.0,10.0,10.0,10.0,NA,10.0,10.0,10.0,10.0,10.0,10.0,10.0,10.0
"Jones, Patricia W.",0.0,NA,NA,1.0,0.0,0.0,NA,0.0,0.0,0.0,NA,0.0,0.0,NA,NA,0.0,NA,0.0,0.0,0.0,NA,0.0,0.0,0.0,0.0,0.0,0.0,0.0,0.0,NA,0.0,0.0,0.0,0.0,0.0,0.0,0.0,0.0,0.0,0.0,0.0,0.0,NA,0.0,0.0,0.0,0.0,NA,0.0,0.0,0.0,0.0,NA,0.0,1.0,0.0,0.0,NA,0.0,0.0,0.0,0.0,NA,0.0,0.0,0.0,1.0,0.0,0.0,NA,0.0,0.0,0.0,0.0,0.0,0.0,1.0,0.0,0.0,0.0,0.0,0.0,0.0,NA,0.0,0.0,NA,0.0,0.0,NA,0.0,0.0,0.0,NA,NA,NA,10.0,10.0,10.0,10.0,10.0,10.0,10.0,NA,10.0,10.0,NA,NA,NA,10.0,10.0,10.0,NA,10.0,10.0,10.0,NA,NA,10.0,10.0,10.0,10.0,10.0,10.0,NA,10.0,10.0,10.0,10.0,10.0,10.0,10.0,10.0
"Romero, Ross I.",0.0,NA,NA,0.0,0.0,0.0,NA,0.0,0.0,0.0,NA,0.0,0.0,NA,NA,1.0,NA,0.0,0.0,0.0,NA,0.0,0.0,0.0,0.0,0.0,0.0,0.0,0.0,NA,0.0,0.0,0.0,1.0,0.0,0.0,0.0,0.0,0.0,0.0,0.0,0.0,NA,0.0,0.0,0.0,0.0,NA,0.0,0.0,0.0,0.0,NA,0.0,0.0,0.0,0.0,NA,0.0,0.0,0.0,0.0,NA,0.0,0.0,0.0,0.0,0.0,0.0,NA,0.0,0.0,0.0,0.0,0.0,0.0,0.0,0.0,0.0,0.0,0.0,0.0,0.0,NA,0.0,0.0,NA,0.0,0.0,NA,0.0,0.0,0.0,NA,NA,NA,10.0,10.0,10.0,10.0,10.0,10.0,10.0,NA,10.0,10.0,NA,NA,NA,10.0,10.0,10.0,NA,10.0,10.0,10.0,NA,NA,10.0,10.0,10.0,10.0,10.0,10.0,NA,10.0,10.0,10.0,10.0,10.0,10.0,10.0,10.0
